Krithi,Raga,Hyperlink
abhimAnamennaDu,kunjari,http://thyagaraja-vaibhavam.blogspot.com/2007/11/thyagaraja-kriti-abhimaanamennadu-raga.html
abhimAnamu lEdEmi,AndALi,http://thyagaraja-vaibhavam.blogspot.com/2007/11/thyagaraja-kriti-abhimaanamu-ledemi.html
adi kAdu bhajana,yadukula kAmbhOji,http://thyagaraja-vaibhavam.blogspot.com/2008/02/thyagaraja-kriti-adi-kaadu-bhajana-raga.html
aDigi sukhamu,madhyamAvati,http://thyagaraja-vaibhavam.blogspot.com/2007/09/thyagaraja-kriti-adigi-sukhamu-raga.html
aDugu varamula,Arabhi,http://thyagaraja-vaibhavam.blogspot.com/2008/04/thyagaraja-kriti-adugu-varamula-raga.html
alakalallalADaga,madhyamAvati,http://thyagaraja-vaibhavam.blogspot.com/2007/09/thyagaraja-kriti-alakalallalaadaga-raga.html
allakallOlamu,saurAshTraM,http://thyagaraja-vaibhavam.blogspot.com/2007/04/thyagaraja-kriti-allakallolamu-raga.html
amba ninu,Arabhi,http://thyagaraja-vaibhavam.blogspot.com/2008/04/thyagaraja-kriti-amba-ninu-raga-arabhi.html
amma dharma saMvardhani,aThANa,http://thyagaraja-vaibhavam.blogspot.com/2008/04/thyagaraja-kriti-amma-dharmasamvardhani.html
amma rAvamma,kalyANi,http://thyagaraja-vaibhavam.blogspot.com/2008/09/thyagaraja-kriti-amma-ravamma-raga.html
anAthuDanu,jinglA,http://thyagaraja-vaibhavam.blogspot.com/2007/06/thyagaraja-kriti-anaathudanu-raga.html
anduNDakanE,pantuvarALi,http://thyagaraja-vaibhavam.blogspot.com/2008/08/thyagaraja-kriti-andundakane-raga.html
anupama guNa,aThANa,http://thyagaraja-vaibhavam.blogspot.com/2008/04/thyagaraja-kriti-anupama-guna-raga.html
anurAgamu lEni,sarasvati,http://thyagaraja-vaibhavam.blogspot.com/2008/09/thyagaraja-kriti-anuragamu-leni-raga.html
anyAyamu,kApi,http://thyagaraja-vaibhavam.blogspot.com/2007/07/thyagaraja-kriti-anyaayamu-raga-kaapi.html
aparAdhamula mAnpi,darbAr,http://thyagaraja-vaibhavam.blogspot.com/2007/08/thyagaraja-kriti-aparaadhamula-maanpi.html
aparAdhamulanOrva,rasALi-vanALi-vanAvaLi,http://thyagaraja-vaibhavam.blogspot.com/2008/10/thyagaraja-kriti-aparadhamulanorva-raga.html
appa rAma bhakti,pantuvarALi,http://thyagaraja-vaibhavam.blogspot.com/2008/08/thyagaraja-kriti-appa-rama-bhakti-raga.html
ataDE dhanyuDu,kApi,http://thyagaraja-vaibhavam.blogspot.com/2007/07/thyagaraja-kriti-athadae-dhanyudu-raga.html
aTla palukuduvu,aThANa,http://thyagaraja-vaibhavam.blogspot.com/2008/04/thyagaraja-kriti-atla-palkuduvu-raga.html
aTu kArAdani,manO ranjani,http://thyagaraja-vaibhavam.blogspot.com/2008/10/thyagaraja-kriti-atu-kaaraadani-raga.html
A daya SrI raghu vara,Ahiri,http://thyagaraja-vaibhavam.blogspot.com/2008/12/thyagaraja-kriti-adaya-sri-ragahuvara.html
ADa mODi,cArukEsi,http://thyagaraja-vaibhavam.blogspot.com/2007/11/thyagaraja-kriti-aada-modi-galadaa-raga.html
ADavAramella,yadukula kAmbhOji,http://thyagaraja-vaibhavam.blogspot.com/2008/02/thyagaraja-kriti-adavaaramella-raga.html
Ananda sAgara,garuDa dhvani,http://thyagaraja-vaibhavam.blogspot.com/2008/05/thyagaraja-kriti-ananda-sagara-raga.html
AnandamAnanda,bhairavi,http://thyagaraja-vaibhavam.blogspot.com/2007/05/thyagaraja-kriti-aanandamaananda-raga.html
AragimpavE,tODi,http://thyagaraja-vaibhavam.blogspot.com/2008/10/thyagaraja-kriti-aragimpave-raga-todi.html
baDalika tIra,rIti gauLa,http://thyagaraja-vaibhavam.blogspot.com/2007/07/thyagaraja-kriti-badalika-deera-raga.html
balamu kulamu,sAvEri,http://thyagaraja-vaibhavam.blogspot.com/2007/04/thyagaraja-kriti-balamu-kulamu-raga.html
baNTu rIti,hamsa nAdaM,http://thyagaraja-vaibhavam.blogspot.com/2008/09/thyagaraja-kriti-bantu-reeti-raga.html
bAgAyenayya,candra jyOti,http://thyagaraja-vaibhavam.blogspot.com/2008/08/thyagaraja-kriti-bagayenayya-raga.html
bAlE bAlEndu,rIti gauLa,http://thyagaraja-vaibhavam.blogspot.com/2007/07/thyagaraja-kriti-baalae-baalendu-raga.html
bhajana parulakEla,suraTi,http://thyagaraja-vaibhavam.blogspot.com/2008/03/thyagaraja-kriti-bhajana-parulakela.html
bhaja rAmaM,husEni,http://thyagaraja-vaibhavam.blogspot.com/2007/10/thyagaraja-kriti-bhaja-ramam-raga.html
bhajana sEya rAdA,aThANa,http://thyagaraja-vaibhavam.blogspot.com/2008/04/thyagaraja-kriti-bhajana-seya-rada-raga.html
bhajana sEyavE,kalyANi,http://thyagaraja-vaibhavam.blogspot.com/2008/09/thyagaraja-kriti-bhajana-seyave-raga.html
bhajana sEyu mArgamu,nArAyaNi,http://thyagaraja-vaibhavam.blogspot.com/2008/01/thyagaraja-kriti-bhajana-seyu-maargamu.html
bhajarE bhaja,kannaDa,http://thyagaraja-vaibhavam.blogspot.com/2008/05/thyagaraja-kriti-bhajare-bhaja-raga.html
bhajarE raghuvIraM,kalyANi,http://thyagaraja-vaibhavam.blogspot.com/2008/09/thyagaraja-kriti-bhajare-raghuveeram.html
bhakti biccam,SankarAbharaNaM,http://thyagaraja-vaibhavam.blogspot.com/2008/03/thyagaraja-kriti-bhakti-biccam-raga.html
bhaktuni cAritramu,bEgaDa,http://thyagaraja-vaibhavam.blogspot.com/2008/06/thyagaraja-kriti-bhaktuni-charitramu.html
bhava nuta,mOhanaM,http://thyagaraja-vaibhavam.blogspot.com/2008/02/thyagaraja-kriti-bhava-nuta-raga.html
bhava sannuta,varALi,http://thyagaraja-vaibhavam.blogspot.com/2008/07/thyagaraja-kriti-bhava-sannuta-raga.html
bhuvini dAsuDanE,SrI ranjani,http://thyagaraja-vaibhavam.blogspot.com/2007/10/thyagaraja-kriti-bhuvini-dasudanae-raga.html
bRndAvana lOla,tODi,http://thyagaraja-vaibhavam.blogspot.com/2008/11/thyagaraja-kriti-brndaavana-lola-raga.html
brOcEvArevarE,SrI ranjani,http://thyagaraja-vaibhavam.blogspot.com/2007/10/thyagaraja-kriti-brocevaarevarae-raga.html
brOva bhAramA,bahudAri,http://thyagaraja-vaibhavam.blogspot.com/2008/01/thyagarja-kriti-brova-bhaaramaa-raga.html
buddhi rAdu,SankarAbharaNaM,http://thyagaraja-vaibhavam.blogspot.com/2008/03/thyagaraja-kriti-buddhi-radu-raga.html
cakkani rAja,kharahara priya,http://thyagaraja-vaibhavam.blogspot.com/2007/06/thyagaraja-kriti-chakkani-raja-raga.html
calamElarA,mArga hindOLaM,http://thyagaraja-vaibhavam.blogspot.com/2007/06/thyagaraja-kriti-chalamelaraa-raga.html
callaga nAtO,vEga vAhini,http://thyagaraja-vaibhavam.blogspot.com/2007/04/thyagaraja-kriti-challaga-naato-raga.html
callarE rAmacandrunipai,Ahiri,http://thyagaraja-vaibhavam.blogspot.com/2008/12/thyagaraja-kriti-challare.html
cani tODi tEvE,hari kAmbhOji,http://thyagaraja-vaibhavam.blogspot.com/2007/11/thyagaraja-kriti-chani-thodi-thevae.html
cAla kalla,Arabhi,http://thyagaraja-vaibhavam.blogspot.com/2008/04/thyagaraja-kriti-chala-kalla-raga.html
cAlu cAlu nI yuktulu,sAvEri,http://thyagaraja-vaibhavam.blogspot.com/2007/04/thyagaraja-kriti-chaalu-chaalu-nee.html
ceDE buddhi,aThANa,http://thyagaraja-vaibhavam.blogspot.com/2008/04/thyagaraja-kriti-chede-buddhi-raga.html
celimini jalajAkshu,yadukula kAmbhOji,http://thyagaraja-vaibhavam.blogspot.com/2008/02/thyagaraja-kriti-chelimini-jalajaakshu.html
centanE sadA,kuntala varALi,http://thyagaraja-vaibhavam.blogspot.com/2007/11/thyagaraja-kriti-chentanae-sadaa-raga.html
cEra rAvadEmi,rIti gauLa,http://thyagaraja-vaibhavam.blogspot.com/2007/07/thyagaraja-kriti-chera-raavademi-rage.html
cEsinadella,tODi,http://thyagaraja-vaibhavam.blogspot.com/2008/11/thyagaraja-kriti-chesinadella-raga-todi.html
cEtulAra,kharahara priya,http://thyagaraja-vaibhavam.blogspot.com/2007/07/thyagaraja-kriti-chetulaara-raga.html
cinna nADE,kalA nidhi,http://thyagaraja-vaibhavam.blogspot.com/2007/07/thyagaraja-kriti-chinna-naadae-raga.html
cintistunnADE,mukhAri,http://thyagaraja-vaibhavam.blogspot.com/2007/10/thyagaraja-kriti-chinthisthunnaadae.html
cUDarE celulAra,pantuvarALi,http://thyagaraja-vaibhavam.blogspot.com/2008/08/thyagaraja-kriti-choodare-chelulara.html
cUtAmu rArE,Arabhi,http://thyagaraja-vaibhavam.blogspot.com/2008/04/thyagaraja-kriti-chutamu-rare-raga.html
cUtAmu rArE,kApi,http://thyagaraja-vaibhavam.blogspot.com/2007/08/thyagaraja-kriti-chootaamu-raaraeyee.html
daNDamu,balahamsa,http://thyagaraja-vaibhavam.blogspot.com/2008/01/thyagaraja-kriti-dandamu-raga-balahamsa.html
dari dApu lEka,sAvEri,http://thyagaraja-vaibhavam.blogspot.com/2007/04/thyagaraja-kriti-dari-daapu-leka-raga.html
darSanamu sEya,nArAyaNa gauLa,http://thyagaraja-vaibhavam.blogspot.com/2008/01/thyagaraja-kriti-dharshanamu-seya-raga.html
daSaratha nandana,asAvEri,http://thyagaraja-vaibhavam.blogspot.com/2008/12/thyagaraja-kriti-dasaratha-nandana-raga.html
daya jUcuTakidi,gAna vAridhi,http://thyagaraja-vaibhavam.blogspot.com/2008/07/thyagaraja-kriti-daya-juchutakidi-raga.html
daya lEni,nAyaki,http://thyagaraja-vaibhavam.blogspot.com/2007/09/thyagaraja-kriti-daya-leni-raga-naayaki.html
daya rAni,mOhanaM,http://thyagaraja-vaibhavam.blogspot.com/2008/01/thyagaraja-kriti-daya-raani-raga.html
daya sEyavayya,yadukula kAmbhOji,http://thyagaraja-vaibhavam.blogspot.com/2008/02/thyagaraja-kriti-daya-seyavayyaa-raga.html
dAcukOvalenA,tODi,http://thyagaraja-vaibhavam.blogspot.com/2008/11/thyagaraja-kriti-daachukovalenaa-raga.html
dArini telusukoNTi,Suddha sAvEri,http://thyagaraja-vaibhavam.blogspot.com/2008/07/thyagaraja-kriti-daarini-thelusukonti.html
dASarathE dayA,kOila priya,http://thyagaraja-vaibhavam.blogspot.com/2009/01/tyagaraja-kriti-dasarathe-daya-saradhe.html
dASarathI nI RNamu,tODi,http://thyagaraja-vaibhavam.blogspot.com/2008/11/thyagaraja-kriti-daasarathi-nee-rinamu.html
dEhi tava pada,sahAna,http://thyagaraja-vaibhavam.blogspot.com/2007/12/thyagaraja-kriti-dehi-tava-paga-raga.html
dEva rAma rAma,saurAshTraM,http://thyagaraja-vaibhavam.blogspot.com/2007/05/thyagaraja-kriti-deva-rama-rama-raga.html
dEva SrI tapastIrtha,madhyamAvati,http://thyagaraja-vaibhavam.blogspot.com/2007/09/thyagaraja-kriti-deva-sri.html
dEvAdi dEva,sindhu rAmakriya,http://thyagaraja-vaibhavam.blogspot.com/2007/04/thyagaraja-kriti-devaadi-deva-raga.html
dEvi SrI tuLasamma,mAyA mALava gauLa,http://thyagaraja-vaibhavam.blogspot.com/2007/03/thyagaraja-kriti-devi-sri-tulasamma.html
dharanu nI sari,varALi,http://thyagaraja-vaibhavam.blogspot.com/2008/07/thyagaraja-kriti-dharanu-nee-sari-raga.html
dharmAtma,kEdAra gauLa,http://thyagaraja-vaibhavam.blogspot.com/2007/12/thyagaraja-kriti-dharmaatma-raga.html
dhyAnamE ganga,dhanyAsi,http://thyagaraja-vaibhavam.blogspot.com/2008/12/thyagaraja-kriti-dhyaname-ganga-raga.html
dina maNi vaMsa,hari kAmbhOji,http://thyagaraja-vaibhavam.blogspot.com/2007/11/thyagaraja-kriti-dina-mani-vamsa-raga.html
dinamE sudinamu,latAngi,http://thyagaraja-vaibhavam.blogspot.com/2008/09/thyagaraja-kriti-diname-sudinamu-raga.html
dIna janAvana,bhUpALaM - bhauLi,http://thyagaraja-vaibhavam.blogspot.com/2009/01/tyagaraja-kriti-deena-janaavana-raga.html
dorakunAyani,tODi,http://thyagaraja-vaibhavam.blogspot.com/2008/11/thyagaraja-kriti-dorakunaayani-raga.html
dorakunAyiTuvaNTi,bilahari,http://thyagaraja-vaibhavam.blogspot.com/2008/06/thyagaraja-kriti-dorakunayituvanti-raga.html
duDuku gala,gauLa,http://thyagaraja-vaibhavam.blogspot.com/2007/03/thyagaraja-kriti-duduku-gala-raga-gaula.html
durmArga cara,ranjani,http://thyagaraja-vaibhavam.blogspot.com/2008/09/thyagaraja-kriti-durmarga-chara-raga.html
dvaitamu sukhamA,rIti gauLa,http://thyagaraja-vaibhavam.blogspot.com/2007/07/thyagaraja-kriti-dvaitamu-sukhamaa-raga.html
eduTa nilicitE,SankarAbharaNaM,http://thyagaraja-vaibhavam.blogspot.com/2008/03/thyagaraja-kriti-eduta-nilichite-raga.html
endarO mahAnubhAvulu,SrI rAgaM,http://thyagaraja-vaibhavam.blogspot.com/2007/10/thyagaraja-kriti-endaro-mahaanubhaavulu.html
endu bAyarA daya,dhanyAsi,http://thyagaraja-vaibhavam.blogspot.com/2008/12/thyagaraja-kriti-endu-baayaraa-daya.html
endu dAginADO,tODi,http://thyagaraja-vaibhavam.blogspot.com/2008/11/thyagaraja-kriti-endu-daaginaado-raga.html
endu kaugilinturA,Suddha dESi,http://thyagaraja-vaibhavam.blogspot.com/2007/06/thyagaraja-kriti-endu-kaugilinthuraa.html
endukI calamu,SankarAbharaNaM,http://thyagaraja-vaibhavam.blogspot.com/2008/03/thyagaraja-kriti-enduki-chalamu-raga.html
endukO bAga,mOhanaM,http://thyagaraja-vaibhavam.blogspot.com/2008/01/thyagaraja-kriti-endugo-baaga-raga.html
endukO nI manasu,kalyANi,http://thyagaraja-vaibhavam.blogspot.com/2008/09/thyagaraja-kriti-enduko-nee-manasu-raga.html
enduku daya rAdu,tODi,http://thyagaraja-vaibhavam.blogspot.com/2008/10/thyagaraja-kriti-enduku-daya-radu-raga.html
enduku nirdaya,hari kAmbhOji,http://thyagaraja-vaibhavam.blogspot.com/2007/11/thyagaraja-kriti-enduku-nirdaya-raga.html
enduku peddala,SankarAbharaNaM,http://thyagaraja-vaibhavam.blogspot.com/2008/03/thyagaraja-kriti-enduku-peddala-raga.html
enduNDi veDalitivO,darbAr,http://thyagaraja-vaibhavam.blogspot.com/2007/08/thyagaraja-kriti-endundi-vedalitivo.html
ennaDO rakshincitE,saurAshTraM,http://thyagaraja-vaibhavam.blogspot.com/2007/05/thyagaraja-kriti-ennado-rakshinchitae.html
ennaDu jUtunO,kalAvati,http://thyagaraja-vaibhavam.blogspot.com/2007/04/thyagaraja-kriti-ennadu-joothuno-raga.html
ennaga manasuku,nIlAmbari,http://thyagaraja-vaibhavam.blogspot.com/2008/06/thyagaraja-kriti-ennaga-manasuku-raga.html
ennALLu nI trOva,kApi,http://thyagaraja-vaibhavam.blogspot.com/2007/07/thyagaraja-kriti-ennaallu-nee-throva.html
ennALLu tirigEdi,mALava SrI,http://thyagaraja-vaibhavam.blogspot.com/2007/09/thyagaraja-kriti-ennaallu-thirigedi.html
ennALLUrakE,Subha pantuvarALi,http://thyagaraja-vaibhavam.blogspot.com/2008/08/thyagaraja-kriti-ennallurake-raga-subha.html
enta bhAgyamu,sAranga,http://thyagaraja-vaibhavam.blogspot.com/2008/10/thyagaraja-kriti-enta-bhagyamu-raga.html
enta muddO,bindu mAlini,http://thyagaraja-vaibhavam.blogspot.com/2007/04/thyagaraja-kriti-enta-muddo-raga-bindu.html
enta nErcina,Suddha dhanyAsi,http://thyagaraja-vaibhavam.blogspot.com/2007/06/thyagaraja-kriti-entha-nerchina-raga.html
enta pApinaiti,gauLipantu,http://thyagaraja-vaibhavam.blogspot.com/2007/03/thyagaraja-kriti-enta-paapinaiti-raga.html
enta rAni,hari kAmbhOji,http://thyagaraja-vaibhavam.blogspot.com/2007/11/thyagaraja-kriti-entha-raani-raga-hari.html
enta vEDukondu,sarasvati manOhari,http://thyagaraja-vaibhavam.blogspot.com/2008/02/thyagaraja-kriti-entha-vedukondu-raga.html
entani nE,mukhAri,http://thyagaraja-vaibhavam.blogspot.com/2007/10/thyagaraja-kriti-enthani-ne-raga.html
entanucu sairintunu,yadukula kAmbhOji,http://thyagaraja-vaibhavam.blogspot.com/2008/02/thyagaraja-kriti-enthanuchu-sairinthunu.html
entanucu varNintunE,saurAshTraM,http://thyagaraja-vaibhavam.blogspot.com/2007/05/thyagaraja-kriti-entanucu-varnintunae.html
eTlA dorigitivO,vasanta,http://thyagaraja-vaibhavam.blogspot.com/2007/04/thyagaraja-kriti-etlaa-dorigitivo-raga.html
eTla kanugondunO,ghaNTA,http://thyagaraja-vaibhavam.blogspot.com/2008/12/thyagaraja-kriti-etla-kanugonduno-raga.html
eTula brOtuvO,cakravAkaM,http://thyagaraja-vaibhavam.blogspot.com/2007/04/thyagaraja-kriti-etula-brotuvo-raga.html
eTula kApADuduvO,Ahiri,http://thyagaraja-vaibhavam.blogspot.com/2008/12/thyagaraja-kriti-etula-kaapaaduduvo.html
eTulaina bhakti,sAma,http://thyagaraja-vaibhavam.blogspot.com/2008/02/thyagaraja-kriti-etulaina-bhakti-raga.html
evaraina lErA,siddha sEna,http://thyagaraja-vaibhavam.blogspot.com/2007/10/thyagaraja-kriti-evaraina-leraa-raga.html
evarani nirNayinciri,dEvAmRta varshiNi,http://thyagaraja-vaibhavam.blogspot.com/2007/07/thyagaraja-kriti-evarani-nirnayinchiri.html
evari mATa,kAmbhOji,http://thyagaraja-vaibhavam.blogspot.com/2007/12/thyagaraja-kriti-evari-maata-raga.html
evariccirirA,madhyamAvati,http://thyagaraja-vaibhavam.blogspot.com/2007/09/thyagaraja-kriti-evaricchiriraa-raga.html
evarikai,dEva manOhari,http://thyagaraja-vaibhavam.blogspot.com/2007/08/thyagaraja-kriti-evarikai-raga-deva.html
evaritO nE telpudu,mAnavati,http://thyagaraja-vaibhavam.blogspot.com/2008/10/thyagaraja-kriti-evarito-ne-telpudu.html
evaru manaku,deva gAndhAri,http://thyagaraja-vaibhavam.blogspot.com/2008/05/thyagaraja-kriti-evaru-manaku-raga-deva.html
evaru teliyanu poyyedaru,punnAga varALi,http://thyagaraja-vaibhavam.blogspot.com/2009/01/tyagaraja-kriti-evaru-teliyanu.html
evaru teliya poyyEru,tODi,http://thyagaraja-vaibhavam.blogspot.com/2008/11/thyagaraja-kriti-evaru-teliyapoyyeru.html
evarunnAru brOva,mALava SrI,http://thyagaraja-vaibhavam.blogspot.com/2007/09/thyagaraja-kriti-evarunnaaru-brova-raga.html
evarurA ninu vinA,mOhanaM,http://thyagaraja-vaibhavam.blogspot.com/2008/01/thyagaraja-kriti-evaruraa-ninu-vinaa.html
evvarE rAmayya,gAngEya bhUshaNi,http://thyagaraja-vaibhavam.blogspot.com/2008/07/thyagaraja-kriti-evvare-ramayya-raga.html
E dAri sancarinturA,Sruti ranjani,http://thyagaraja-vaibhavam.blogspot.com/2008/09/thyagaraja-kriti-edaari-sancharintura.html
E nATi nOmu,bhairavi,http://thyagaraja-vaibhavam.blogspot.com/2007/05/thyagaraja-kriti-enaati-nomu-raga.html
E nOmu nOcitimO,punnAga varALi,http://thyagaraja-vaibhavam.blogspot.com/2009/01/tyagaraja-kriti-enomu-nochitimo-raga.html
E panikO,asAvEri,http://thyagaraja-vaibhavam.blogspot.com/2008/11/thyagaraja-kriti-epaniko-raga-asaveri.html
E pApamu jEsitirA,aThANa,http://thyagaraja-vaibhavam.blogspot.com/2008/04/thyagaraja-kriti-epapamu-jesithira-raga.html
E rAmuni nammitinO,vakuLAbharaNaM,http://thyagaraja-vaibhavam.blogspot.com/2007/03/thyagaraja-kriti-eraamuni-nammitino.html
E tAvuna nErcitivO,yadukula kAmbhOji,http://thyagaraja-vaibhavam.blogspot.com/2008/02/thyagaraja-kriti-ethaavuna-nerchitivo.html
E tAvunarA,kalyANi,http://thyagaraja-vaibhavam.blogspot.com/2008/09/thyagaraja-vaibhavam-etaavunara-raga.html
E varamaDugudu,kalyANi,http://thyagaraja-vaibhavam.blogspot.com/2008/09/thyagaraja-kriti-evaramadugudu-raga.html
E vidhamulanaina,SankarAbharaNaM,http://thyagaraja-vaibhavam.blogspot.com/2008/03/thyagaraja-kriti-evidhamulanaina-raga.html
Edi nI bAhu bala,darbAr,http://thyagaraja-vaibhavam.blogspot.com/2007/08/thyagaraja-kriti-edi-nee-baahu-bala.html
Ehi tri-jagadISa,sAranga,http://thyagaraja-vaibhavam.blogspot.com/2008/10/thyagaraja-kriti-ehi-trijagadeesa-raga.html
Ela nI daya rAdu,aThANa,http://thyagaraja-vaibhavam.blogspot.com/2008/04/thyagaraja-kriti-ela-nee-daya-radu-raga.html
Ela teliya lErO,darbAr,http://thyagaraja-vaibhavam.blogspot.com/2007/08/thyagaraja-kriti-ela-theliya-lero-raga.html
ElarA SrI kRshNA,kAmbhOji,http://thyagaraja-vaibhavam.blogspot.com/2007/12/thyagaraja-kriti-elaraa-sri-krishnaa.html
ElAvatAra,mukhAri,http://thyagaraja-vaibhavam.blogspot.com/2007/10/thyagaraja-kriti-elaavathaara-raga.html
EmAnaticcEvO,sahAna,http://thyagaraja-vaibhavam.blogspot.com/2007/12/thyagaraja-kriti-emaanaticchevo-raga.html
EmandunE vicitramunu,SrImaNi,http://thyagaraja-vaibhavam.blogspot.com/2008/10/thyagaraja-kriti-emandune-vichitramunu.html
Emani mATADitivO,tODi,http://thyagaraja-vaibhavam.blogspot.com/2008/11/thyagaraja-kriti-emani-maataaditivo.html
Emani nera nammu,saurAshTraM,http://thyagaraja-vaibhavam.blogspot.com/2007/05/thyagaraja-kriti-emani-nera-nammu-raga.html
Emani pogaDudurA,vIra vasanta,http://thyagaraja-vaibhavam.blogspot.com/2007/11/thyagaraja-kriti-emani-pogaduduraa-raga.html
Emani vEgintunE,husEni,http://thyagaraja-vaibhavam.blogspot.com/2007/10/thyagaraja-kriti-emani-veginthunae-raga.html
EmEmO teliyaka,saurAshTraM,http://thyagaraja-vaibhavam.blogspot.com/2007/05/thyagaraja-kriti-ememo-teliyaka-raga.html
Emi dOva,sAranga,http://thyagaraja-vaibhavam.blogspot.com/2008/10/thyagaraja-kriti-emi-dova-raga-saranga.html
Emi jEsitEnEmi,tODi,http://thyagaraja-vaibhavam.blogspot.com/2008/11/thyagaraja-kriti-emi-jesitenemi-raga.html
Emi nEramu,SankarAbharaNaM,http://thyagaraja-vaibhavam.blogspot.com/2008/03/thyagaraja-kriti-emi-neramu-raga.html
ETi janmamidi,varALi,http://thyagaraja-vaibhavam.blogspot.com/2008/07/thyagaraja-kriti-eti-janmamidi-raga.html
ETi yOcanalu,kiraNAvaLi,http://thyagaraja-vaibhavam.blogspot.com/2007/06/thyagaraja-kriti-eti-yochanalu-raga.html
gandhamu puyyarugA,punnAga varALi,http://thyagaraja-vaibhavam.blogspot.com/2009/01/tyagaraja-kriti-gandhamu-puyyarugaa.html
garuDa gamana,gauri manOhari,http://thyagaraja-vaibhavam.blogspot.com/2007/10/thyagaraja-kriti-garuda-gamana-raga.html
gata mOhASrita,SankarAbharaNaM,http://thyagaraja-vaibhavam.blogspot.com/2008/03/thyagaraja-kriti-gata-mohasrita-raga.html
gati nIvani,tODi,http://thyagaraja-vaibhavam.blogspot.com/2008/11/thyagaraja-kriti-gati-neevani-raga-todi.html
gaTTigAnu,bEgaDa,http://thyagaraja-vaibhavam.blogspot.com/2008/06/thyagaraja-kriti-gattiganu-raga-begada.html
gAna mUrtE,gAna mUrti,http://thyagaraja-vaibhavam.blogspot.com/2008/10/thyagaraja-kriti-gaana-moorte-raga-gana.html
gAravimpa rAdA,ghaNTA,http://thyagaraja-vaibhavam.blogspot.com/2008/12/thyagaraja-kriti-gaaravimpa-raadaa-raga.html
ghuma ghuma,saurAshTraM,http://thyagaraja-vaibhavam.blogspot.com/2007/05/thyagaraja-kriti-ghuma-ghuma-raga.html
giri rAja sutA,bangALa,http://thyagaraja-vaibhavam.blogspot.com/2008/06/thyagaraja-kriti-giri-raja-suta-raga.html
giripai nelakonna,sahAna,http://thyagaraja-vaibhavam.blogspot.com/2007/12/thyagaraja-kriti-giripai-nelakonna-raga.html
gItArthamu,suraTi,http://thyagaraja-vaibhavam.blogspot.com/2008/02/thyagaraja-kriti-geethaarthamu-raga.html
graha balamEmi,rEvagupti,http://thyagaraja-vaibhavam.blogspot.com/2007/03/thyagaraja-kriti-graha-balamemi-raga.html
guru lEka,gauri manOhari,http://thyagaraja-vaibhavam.blogspot.com/2007/11/thyagaraja-kriti-guru-leka-raga-gauri.html
hari dAsulu,yamunA kalyANi,http://thyagaraja-vaibhavam.blogspot.com/2008/10/thyagaraja-kriti-hari-dasulu-raga.html
hari hari nIyokka,punnAga varALi,http://thyagaraja-vaibhavam.blogspot.com/2009/01/tyagaraja-kriti-hari-hari-neeyokka-raga.html
hariyanuvAri,tODi,http://thyagaraja-vaibhavam.blogspot.com/2008/11/thyagaraja-kriti-hariyanuvaani-raga.html
heccarikagA,yadukula kAmbhOji,http://thyagaraja-vaibhavam.blogspot.com/2008/02/thyagaraja-kriti-heccharikagaa-rara.html
idE bhAgyamu,kannaDa,http://thyagaraja-vaibhavam.blogspot.com/2008/05/thyagaraja-kriti-ide-bhagyamu-raga.html
idi nIku mEra,punnAga varALi,http://thyagaraja-vaibhavam.blogspot.com/2008/12/thyagaraja-kriti-idi-neeku-mera-raga.html
idi samayamurA,chAyA nATa,http://thyagaraja-vaibhavam.blogspot.com/2008/07/thyagaraja-kriti-idi-samayamura-raga.html
ika kAvalasinadEmi,balahamsa,http://thyagaraja-vaibhavam.blogspot.com/2008/01/thyagaraja-kriti-ika-kaavalasinademi.html
ilalO praNatArti,aThANa,http://thyagaraja-vaibhavam.blogspot.com/2008/04/thyagaraja-kriti-ilalo-pranathaarthi.html
indukA puTTincitivi,bhairavi,http://thyagaraja-vaibhavam.blogspot.com/2007/05/thyagaraja-kriti-indukaa-puttinchitivi.html
indukAyI tanuvunu,mukhAri,http://thyagaraja-vaibhavam.blogspot.com/2007/09/thyagaraja-kriti-indukaayee-tanuvunu.html
indukAyI tanuvunu,punnAga varALi,http://thyagaraja-vaibhavam.blogspot.com/2008/12/tyagaraja-kriti-indukaayee-tanuvunu.html
indukEmi,varALi,http://thyagaraja-vaibhavam.blogspot.com/2008/07/thyagaraja-kriti-indukemi-raga-varali.html
inkA daya,nArAyaNa gauLa,http://thyagaraja-vaibhavam.blogspot.com/2007/12/thyagaraja-kriti-inkaa-daya-raga.html
inka yOcanaitE,ghaNTA,http://thyagaraja-vaibhavam.blogspot.com/2008/12/thyagaraja-kriti-inka-yochanaite-raga.html
innALLa vale,tODi,http://thyagaraja-vaibhavam.blogspot.com/2008/10/thyagaraja-kriti-innaallavale-raga-todi.html
innALLu daya,nArAyaNa gauLa,http://thyagaraja-vaibhavam.blogspot.com/2008/01/thyagaraja-kriti-innaallu-daya-raga.html
innALLu nannEli,ghaNTA,http://thyagaraja-vaibhavam.blogspot.com/2008/12/thyagaraja-kriti-innaallu-nanneli-raga.html
inta bhAgyamani,punnAga varALi,http://thyagaraja-vaibhavam.blogspot.com/2008/12/tyagaraja-kriti-inta-bhagyamani-raga.html
inta saukhyamani,kApi,http://thyagaraja-vaibhavam.blogspot.com/2007/07/thyagaraja-kriti-intha-saukhyamani-raga.html
inta tAmasamaitE,sAvEri,http://thyagaraja-vaibhavam.blogspot.com/2007/03/thyagaraja-kriti-inta-taamasamaitae.html
intakanna Ananda,bilahari,http://thyagaraja-vaibhavam.blogspot.com/2008/06/thyagaraja-kriti-intakanna-ananda-raga.html
intakanna telpa,sAvEri,http://thyagaraja-vaibhavam.blogspot.com/2007/03/thyagaraja-kriti-intakanna-delpa-raga.html
intanucu varNimpa,guNDakriya,http://thyagaraja-vaibhavam.blogspot.com/2007/03/thyagaraja-kriti-intanucu-varnimpa-raga.html
ipuDaina nanu,Arabhi,http://thyagaraja-vaibhavam.blogspot.com/2008/04/thyagaraja-kriti-ipudaina-nanu-raga.html
itara daivamulu,chAyA tarangiNi,http://thyagaraja-vaibhavam.blogspot.com/2008/01/thyagaraja-kriti-ithara-daivamula-raga.html
I mEnu kaligina,varALi,http://thyagaraja-vaibhavam.blogspot.com/2008/07/thyagaraja-kriti-imenu-kaligina-raga.html
I vasudha nIvaNTi,sahAna,http://thyagaraja-vaibhavam.blogspot.com/2007/12/thyagaraja-kriti-ivasudha-neevanti-raga.html
ISa pAhi,kalyANi,http://thyagaraja-vaibhavam.blogspot.com/2008/09/thyagaraja-kriti-isa-pahi-mam-kalyani.html
Ivaraku jUcinadi,SankarAbharaNaM,http://thyagaraja-vaibhavam.blogspot.com/2008/03/thyagaraja-kriti-ivaraku-juchinadi-raga.html
jagadAnanda kAraka,nATa,http://thyagaraja-vaibhavam.blogspot.com/2008/07/thyagaraja-kriti-jagadananda-karaka.html
janakajA samEta,asAvEri,http://thyagaraja-vaibhavam.blogspot.com/2008/12/thyagaraja-kriti-janakajaa-sameta-raga.html
jaya jaya sItArAM,sAvEri,http://thyagaraja-vaibhavam.blogspot.com/2007/04/thyagaraja-kriti-jaya-jaya-sitaram-raga.html
jaya jaya SrI raghurAma,mangaLa kaisiki,http://thyagaraja-vaibhavam.blogspot.com/2007/03/thyagaraja-kriti-jaya-jaya-sri.html
jaya mangaLaM,ghaNTA,http://thyagaraja-vaibhavam.blogspot.com/2008/12/thyagaraja-kriti-jaya-mangalam-raga.html
jaya mangaLaM,mOhanaM,http://thyagaraja-vaibhavam.blogspot.com/2008/01/thyagaraja-kriti-jaya-mangalam-raga.html
jaya mangaLaM,nAda nAmakriya,http://thyagaraja-vaibhavam.blogspot.com/2007/03/thyagaraja-kriti-jaya-mangalam-raga.html
jAnaki nAyaka,dhanyAsi,http://thyagaraja-vaibhavam.blogspot.com/2008/12/thyagaraja-kriti-janaki-nayaka-raga.html
jAnakI ramaNa,Suddha sImantini,http://thyagaraja-vaibhavam.blogspot.com/2009/01/tyagaraja-kriti-janaki-ramana-raga.html
jnAnamosaga rAdA,pUri kalyANi,http://thyagaraja-vaibhavam.blogspot.com/2008/08/thyagaraja-kriti-jnanamosaga-rada-raga.html
jO jO rAma,rIti gauLa,http://thyagaraja-vaibhavam.blogspot.com/2007/07/thyagaraja-kriti-jo-jo-rama-raga-reethi.html
kaDa tEra rAdA,tODi,http://thyagaraja-vaibhavam.blogspot.com/2008/11/thyagaraja-kriti-kada-tera-raada-raga.html
kadaluvADu,nArAyaNa gauLa,http://thyagaraja-vaibhavam.blogspot.com/2008/01/thyagaraja-kriti-kadhaluvaadu-raga.html
kaddanu vAriki,tODi,http://thyagaraja-vaibhavam.blogspot.com/2008/11/thyagaraja-kriti-kaddanu-vaariki-raga.html
kalala nErcina,dIpakaM,http://thyagaraja-vaibhavam.blogspot.com/2008/08/thyagaraja-kriti-kalala-nerchina-raga.html
kalaSa vArdhijAM,ratnAngi,http://thyagaraja-vaibhavam.blogspot.com/2008/10/thyagaraja-kriti-kalasa-vardhijam-raga.html
kali narulaku,kuntala varALi,http://thyagaraja-vaibhavam.blogspot.com/2007/11/thyagaraja-kriti-kali-narulaku-raga.html
kaligiyuNTE,kIravANi,http://thyagaraja-vaibhavam.blogspot.com/2007/06/thyagaraja-kriti-kaligiyuntae-gadaa.html
kalugunA,pUrNa lalitA,http://thyagaraja-vaibhavam.blogspot.com/2007/05/thyagaraja-kriti-kalugunaa-raga-poorna.html
kamala bhavuDu,kalyANi,http://thyagaraja-vaibhavam.blogspot.com/2008/09/thyagaraja-kriti-kamala-bhavudu-raga.html
kamalApa kula,bRndAvana sAranga,http://thyagaraja-vaibhavam.blogspot.com/2007/09/thyagaraja-kriti-kamalaapta-kula.html
kana kana rucirA,varALi,http://thyagaraja-vaibhavam.blogspot.com/2008/07/thyagaraja-kriti-kana-kana-ruchira-raga.html
kanna talli,sAvEri,http://thyagaraja-vaibhavam.blogspot.com/2007/03/thyagaraja-kriti-kanna-talli-raga.html
kanna taNDri,dEva manOhari,http://thyagaraja-vaibhavam.blogspot.com/2007/08/thyagaraja-kriti-kanna-thandri-raga.html
kaNTa jUDumi,vAcaspati,http://thyagaraja-vaibhavam.blogspot.com/2008/09/thyagaraja-kriti-kanta-judumi-raga.html
kanugonu,nAyaki,http://thyagaraja-vaibhavam.blogspot.com/2007/09/thyagaraja-kriti-kanugonu-raga-naayaki.html
kanugoNTini,bilahari,http://thyagaraja-vaibhavam.blogspot.com/2008/06/thyagaraja-kriti-kanukontini-raga.html
kanulu tAkani,kalyANa vasanta,http://thyagaraja-vaibhavam.blogspot.com/2007/06/thyagaraja-kriti-kanulu-thaakani-raga.html
karmamE balavanta,sAvEri,http://thyagaraja-vaibhavam.blogspot.com/2007/04/thyagaraja-kriti-karmamae-balavanta.html
karuNA jaladhE,nAda nAmakriya,http://thyagaraja-vaibhavam.blogspot.com/2007/03/thyagaraja-kriti-karunaa-jaladhae-raga.html
karuNA jaladhi,kEdAra gauLa,http://thyagaraja-vaibhavam.blogspot.com/2007/12/thyagaraja-kriti-karunaa-jaladhi-raga.html
karuNa jUDavamma,tODi,http://thyagaraja-vaibhavam.blogspot.com/2008/11/thyagaraja-kriti-karuna-judavamma-raga.html
karuNa jUDavayya,sAranga,http://thyagaraja-vaibhavam.blogspot.com/2008/10/thyagaraja-kriti-karuna-judavayya-raga.html
karuNA samudra,deva gAndhAri,http://thyagaraja-vaibhavam.blogspot.com/2008/05/thyagaraja-kriti-karuna-samudra-raga.html
karuNayElAgaNTE,varALi,http://thyagaraja-vaibhavam.blogspot.com/2008/07/thyagaraja-kriti-karunayelagante-raga.html
kaTTu jEsinAvu,aThANa,http://thyagaraja-vaibhavam.blogspot.com/2008/04/thyagaraja-kriti-kattu-jesinavu-raga.html
kAla haraNa,Suddha sAvEri,http://thyagaraja-vaibhavam.blogspot.com/2008/07/thyagaraja-kriti-kaala-harana-raga.html
kAru vElpulu,kalyANi,http://thyagaraja-vaibhavam.blogspot.com/2008/09/thyagaraja-kriti-kaaru-velpulu-raga.html
kArubAru,mukhAri,http://thyagaraja-vaibhavam.blogspot.com/2007/10/thyagaraja-kriti-kaarubaaru-raga.html
kAsiccEdE,gauLipantu,http://thyagaraja-vaibhavam.blogspot.com/2007/03/thyagaraja-kriti-kaasicchedae-raga.html
koluvaiyunnADE,bhairavi,http://thyagaraja-vaibhavam.blogspot.com/2007/05/thyagaraja-kriti-koluvaiyunnaadae-raga.html
koluvaiyunnADE,deva gAndhAri,http://thyagaraja-vaibhavam.blogspot.com/2008/05/thyagaraja-kriti-koluvaiyunnade-raga_22.html
koluvamarE kada,tODi,http://thyagaraja-vaibhavam.blogspot.com/2008/11/thyagaraja-kriti-koluvamare-kada-raga.html
koniyADE,kOkila dhvani,http://thyagaraja-vaibhavam.blogspot.com/2008/01/thyagaraja-kriti-koniyaadae-raga-kokila.html
kOri sEvimpa,kharahara priya,http://thyagaraja-vaibhavam.blogspot.com/2007/06/kori-sevimpa-raga-kharahara-priya-kovur.html
kOri vaccitinayya,bilahari,http://thyagaraja-vaibhavam.blogspot.com/2008/06/thyagaraja-kriti-kori-vacchitanayya.html
kOTi nadulu,tODi,http://thyagaraja-vaibhavam.blogspot.com/2008/11/thyagaraja-kriti-koti-nadulu-raga-todi.html
kRpa jUcuTaku,chAyA tarangiNi,http://thyagaraja-vaibhavam.blogspot.com/2008/01/thyagaraja-kriti-krpa-joochutaku-raga.html
kRpAlavAla,nAda varAngiNi,http://thyagaraja-vaibhavam.blogspot.com/2007/08/thyagaraja-kriti-krupaalavaala-raga.html
kRshNA mAkEmi,punnAga varALi,http://thyagaraja-vaibhavam.blogspot.com/2009/01/tyagaraja-kriti-krishnaa-maakemi-dova.html
kshINamai,mukhAri,http://thyagaraja-vaibhavam.blogspot.com/2007/10/thyagaraja-kriti-ksheenamai-raga.html
kshIra sAgara Sayana,deva gAndhAri,http://thyagaraja-vaibhavam.blogspot.com/2008/05/thyagaraja-kriti-ksheera-sagara-sayana.html
kshIra sAgara vihAra,Ananda bhairavi,http://thyagaraja-vaibhavam.blogspot.com/2007/06/thyagaraja-kriti-ksheera-saagara.html
kula birudunu,dEva manOhari,http://thyagaraja-vaibhavam.blogspot.com/2007/08/thyagaraja-kriti-kula-birudunu-raga.html
kuvalaya daLa,nATa kuranji,http://thyagaraja-vaibhavam.blogspot.com/2008/01/thyagaraja-kriti-kuvalaya-dala-raga.html
lakshaNamulu,Suddha sAvEri,http://thyagaraja-vaibhavam.blogspot.com/2008/07/thyagaraja-kriti-lakshanamulukala-raga.html
lalitE SrI pravRddhE,bhairavi,http://thyagaraja-vaibhavam.blogspot.com/2007/06/thyagaraja-kriti-lalitae-sri.html
lAli lAlayya,kEdAra gauLa,http://thyagaraja-vaibhavam.blogspot.com/2007/12/thyagaraja-kriti-laali-laalayya-raga_26.html
lAli lAliyani,hari kAmbhOji,http://thyagaraja-vaibhavam.blogspot.com/2007/11/thyagaraja-kriti-laali-laaliyani-raga.html
lAliyUgavE,nIlAmbari,http://thyagaraja-vaibhavam.blogspot.com/2008/06/thyagaraja-kriti-laaliyugave-raga.html
lAvaNya rAma,pUrNa shaDjaM,http://thyagaraja-vaibhavam.blogspot.com/2007/09/thyagaraja-kriti-laavanya-rama-raga.html
lEkanA ninnu,asAvEri,http://thyagaraja-vaibhavam.blogspot.com/2008/12/thyagaraja-kriti-lekanaa-ninnu-raga.html
lEmi telpa,navanItaM,http://thyagaraja-vaibhavam.blogspot.com/2008/08/thyagaraja-kriti-lemi-telpa-raga.html
lIlagAnu jUcu,divya maNi-dundubhi,http://thyagaraja-vaibhavam.blogspot.com/2008/08/thyagaraja-kriti-leelaganu-jucu-raga.html
lOkAvana catura,bEgaDa,http://thyagaraja-vaibhavam.blogspot.com/2008/06/thyagaraja-kriti-lokavana-chatura-raga.html
madilOna yOcana,kOlAhalaM,http://thyagaraja-vaibhavam.blogspot.com/2008/05/thyagaraja-kriti-madilona-yochana-raga.html
mahima taggincukO,rishabha priya,http://thyagaraja-vaibhavam.blogspot.com/2008/09/thyagaraja-kriti-mahima-tagginchuko.html
mahita pravRddha,kAmbhOji,http://thyagaraja-vaibhavam.blogspot.com/2007/12/thyagaraja-kriti-mahita-pravruddha-raga.html
manasA eTulOrtunE,malaya mArutaM,http://thyagaraja-vaibhavam.blogspot.com/2007/04/thyagaraja-kriti-manasaa-etulorthunae.html
manasA mana,vardhani,http://thyagaraja-vaibhavam.blogspot.com/2009/01/tyagaraja-kriti-manasaa-mana-raga.html
manasA SrI rAmacandruni,ISa manOhari,http://thyagaraja-vaibhavam.blogspot.com/2007/11/thyagaraja-kriti-manasaa-sri.html
manasA SrI rAmuni,mAra ranjani,http://thyagaraja-vaibhavam.blogspot.com/2007/11/thyagaraja-kriti-manasaa-sri-ramuni.html
manasu lOni marmamu,hindOLaM,http://thyagaraja-vaibhavam.blogspot.com/2007/06/thyagaraja-kriti-manasu-loni-marmamu.html
manasu nilpa,AbhOgi,http://thyagaraja-vaibhavam.blogspot.com/2007/07/thyagaraja-kriti-manasu-nilpa-raga.html
manasu svAdhIna,SankarAbharaNaM,http://thyagaraja-vaibhavam.blogspot.com/2008/03/thyagaraja-kriti-manasu-svadhina-raga.html
manasu vishaya,nATa kuranji,http://thyagaraja-vaibhavam.blogspot.com/2008/01/thyagaraja-kriti-manasu-vishaya-raga.html
manavinAlakinca,naLina kAnti,http://thyagaraja-vaibhavam.blogspot.com/2007/11/thyagaraja-kriti-manavinaalakincha-raga.html
manavini vinumA,jaya nArAyaNi,http://thyagaraja-vaibhavam.blogspot.com/2007/08/thyagaraja-kriti-manavini-vinumaa-raga.html
maracE vADanA,kEdAraM,http://thyagaraja-vaibhavam.blogspot.com/2008/05/thyagaraja-kriti-marache-vadana-raga.html
marakata maNi,varALi,http://thyagaraja-vaibhavam.blogspot.com/2008/07/thyagaraja-kriti-marakata-mani-raga.html
maravakarA,deva gAndhAri,http://thyagaraja-vaibhavam.blogspot.com/2008/05/thyagaraja-kriti-maravakara-raga-deva.html
mari mari ninnE,kAmbhOji,http://thyagaraja-vaibhavam.blogspot.com/2007/12/thyagaraja-kriti-mari-mari-ninnae-raga.html
mariyAda kAdayya,bhairavaM,http://thyagaraja-vaibhavam.blogspot.com/2007/04/thyagaraja-kriti-mariyaada-gaadayya.html
mariyAda kAdurA,SankarAbharaNaM,http://thyagaraja-vaibhavam.blogspot.com/2008/03/thyagaraja-kriti-mariyada-kadura-raga.html
marugElarA,jayanta SrI,http://thyagaraja-vaibhavam.blogspot.com/2007/06/thyagaraja-kriti-marugelaraa-raga.html
mA jAnaki,kAmbhOji,http://thyagaraja-vaibhavam.blogspot.com/2007/12/thyagaraja-kriti-maa-jaanaki-raga.html
mA kulamuna,suraTi,http://thyagaraja-vaibhavam.blogspot.com/2008/03/thyagaraja-kriti-ma-kulamuna-raga.html
mA rAmacandruniki,kEdAra gauLa,http://thyagaraja-vaibhavam.blogspot.com/2007/12/thyagaraja-kriti-maa-ramachandruniki.html
mAkElarA vicAramu,ravi candrika,http://thyagaraja-vaibhavam.blogspot.com/2008/02/thyagaraja-kriti-maakelaraa-vichaaramu.html
mAmava raghurAma,sAranga,http://thyagaraja-vaibhavam.blogspot.com/2008/10/thyagaraja-kriti-mamava-raghurama-raga.html
mAmava satataM,jaganmOhini,http://thyagaraja-vaibhavam.blogspot.com/2007/03/thyagaraja-kriti-maamava-satatam-raga.html
mAnamu lEdA,hamIr kalyANi,http://thyagaraja-vaibhavam.blogspot.com/2008/10/thyagaraja-kriti-maanamu-leda-raga.html
mAnasa sancararE,punnAga varALi,http://thyagaraja-vaibhavam.blogspot.com/2009/01/tyagaraja-kriti-maanasa-sancharare-raga.html
mApAla velasi,asAvEri,http://thyagaraja-vaibhavam.blogspot.com/2008/12/thyagaraja-kriti-maapaala-velasi-raga.html
mAra vairi,nAsikA bhUshaNi,http://thyagaraja-vaibhavam.blogspot.com/2008/10/thyagaraja-kriti-maara-vairi-ramani.html
mAru palkaga,SrI ranjani,http://thyagaraja-vaibhavam.blogspot.com/2007/10/thyagaraja-kriti-maaru-balka-raga-sri.html
mATADavEmi,nIlAmbari,http://thyagaraja-vaibhavam.blogspot.com/2008/06/thyagaraja-kriti-maataadavemi-raga.html
mATi mATiki,mOhanaM,http://thyagaraja-vaibhavam.blogspot.com/2008/02/thyagaraja-kriti-maati-maatiki-raga.html
mElu mElu rAma nAma,saurAshTraM,http://thyagaraja-vaibhavam.blogspot.com/2007/05/thyagaraja-kriti-melu-melu-rama-naama.html
mElukO dayA nidhi,saurAshTraM,http://thyagaraja-vaibhavam.blogspot.com/2007/05/thyagaraja-kriti-meluko-dayaa-nidhi.html
mElukOvayya,bhauLi,http://thyagaraja-vaibhavam.blogspot.com/2007/03/thyagaraja-kriti-melukovayya-raga.html
mEnu jUci,sarasAngi,http://thyagaraja-vaibhavam.blogspot.com/2007/11/thyagaraja-kriti-menu-joochi-raga.html
mEru samAna dhIra,mAyA mALava gauLa,http://thyagaraja-vaibhavam.blogspot.com/2007/03/thyagaraja-kriti-meru-samaana-raga.html
mitri bhAgyamE,kharahara priya,http://thyagaraja-vaibhavam.blogspot.com/2007/07/thyagaraja-kriti-mitri-bhaagyamae-raga.html
mIvalla guNa dOsha,kApi,http://thyagaraja-vaibhavam.blogspot.com/2007/08/thyagaraja-kriti-meevalla-guna-dosha.html
mOhana rAma,mOhanaM,http://thyagaraja-vaibhavam.blogspot.com/2008/02/thyagaraja-kriti-mohana-rama-raga.html
mOkshamu kaladA,sAramati,http://thyagaraja-vaibhavam.blogspot.com/2007/06/thyagaraja-kriti-mokshamu-galadaa-raga.html
mOsa pOku,gauLipantu,http://thyagaraja-vaibhavam.blogspot.com/2007/03/thyagaraja-kriti-mosa-boku-raga-gauli.html
mRdu bhAshaNa,maruva dhanyAsi,http://thyagaraja-vaibhavam.blogspot.com/2007/08/thyagaraja-kriti-mridu-bhaashana-raga.html
muccaTa,madhyamAvati,http://thyagaraja-vaibhavam.blogspot.com/2007/09/thyagaraja-kriti-mucchata-raga.html
muddu mOmu,sUrya kAntaM,http://thyagaraja-vaibhavam.blogspot.com/2007/04/thyagaraja-kriti-muddu-momu-raga.html
mummUrtulu,aThANa,http://thyagaraja-vaibhavam.blogspot.com/2008/05/thyagaraja-kriti-mummurthulu-raga.html
mundu venuka,darbAr,http://thyagaraja-vaibhavam.blogspot.com/2007/08/thyagaraja-kriti-mundu-venuka-raga.html
munnu rAvaNa,tODi,http://thyagaraja-vaibhavam.blogspot.com/2008/11/thyagaraja-kriti-munnu-ravana-raga-todi.html
munupE teliyaka,bangALa,http://thyagaraja-vaibhavam.blogspot.com/2008/06/thyagaraja-kriti-munupe-theliyaka-raga.html
muripemu,mukhAri,http://thyagaraja-vaibhavam.blogspot.com/2007/10/thyagaraja-kriti-muripemu-raga-mukhari.html
naDaci naDaci,kharahara priya,http://thyagaraja-vaibhavam.blogspot.com/2007/07/thyagaraja-kriti-nadachi-nadachi-raga.html
nagu mOmu kana lEni,AbhEri,http://thyagaraja-vaibhavam.blogspot.com/2007/07/thyagaraja-kriti-nagu-momu-kana-leni.html
nagu mOmugala vAni,madhyamAvati,http://thyagaraja-vaibhavam.blogspot.com/2007/09/thyagaraja-kriti-nagu-momu-gala-vaani.html
naLina lOcana,madhyamAvati,http://thyagaraja-vaibhavam.blogspot.com/2007/09/thyagaraja-kriti-nalina-lochana-raga.html
nammaka nE mOsa,asAvEri,http://thyagaraja-vaibhavam.blogspot.com/2008/12/thyagaraja-kriti-nammaka-ne-mosa-raga.html
nammi vaccina,kalyANi,http://thyagaraja-vaibhavam.blogspot.com/2008/09/thyagaraja-kriti-nammi-vacchina-raga.html
nammina vArini,bhairavi,http://thyagaraja-vaibhavam.blogspot.com/2007/05/thyagaraja-kriti-nammina-vaarini-raga.html
namO namO rAghavAya,dESiya tODi,http://thyagaraja-vaibhavam.blogspot.com/2008/11/thyagaraja-kriti-namo-namo-raghavaaya.html
nannu brOva nIkinta,AbhOgi,http://thyagaraja-vaibhavam.blogspot.com/2007/07/thyagaraja-kriti-nannu-brova-neekintha.html
nannu brOvakanu,SankarAbharaNaM,http://thyagaraja-vaibhavam.blogspot.com/2008/03/thyagaraja-kriti-nannu-brovakanu-raga.html
nannu kanna talli,kEsari - sindhu kannaDa,http://thyagaraja-vaibhavam.blogspot.com/2008/02/thyagaraja-kriti-nannu-kanna-thalli.html
nannu viDaci,rIti gauLa,http://thyagaraja-vaibhavam.blogspot.com/2007/07/thyagaraja-kriti-nannu-vidachi-raga.html
nanu pAlimpa,mOhanaM,http://thyagaraja-vaibhavam.blogspot.com/2008/01/thyagaraja-kriti-nanu-paalimpa-raga.html
narasiMha,bilahari,http://thyagaraja-vaibhavam.blogspot.com/2008/06/thyagaraja-kriti-narasimha-raga.html
nata jana,simhEndra madhyamaM,http://thyagaraja-vaibhavam.blogspot.com/2008/09/thyagaraja-kriti-nata-jana-raga.html
nA jIvAdhAra,bilahari,http://thyagaraja-vaibhavam.blogspot.com/2008/06/thyagaraja-kriti-naa-jivadhara-raga.html
nA morAlakimpa,deva gAndhAri,http://thyagaraja-vaibhavam.blogspot.com/2008/05/thyagaraja-kriti-naa-moralakimpa-raga.html
nA moralanu,Arabhi,http://thyagaraja-vaibhavam.blogspot.com/2008/04/thyagaraja-kriti-na-moralanu-raga.html
nAda lOluDai,kalyANa vasanta,http://thyagaraja-vaibhavam.blogspot.com/2007/06/thyagaraja-kriti-naada-loludai-raga.html
nAda sudhA rasam,Arabhi,http://thyagaraja-vaibhavam.blogspot.com/2008/04/thyagaraja-kriti-nada-sudha-rasam-raga.html
nAda tanumaniSaM,citta ranjani,http://thyagaraja-vaibhavam.blogspot.com/2007/09/thyagaraja-kriti-naada-tanumanisam-raga.html
nADADina mATa,jana ranjani,http://thyagaraja-vaibhavam.blogspot.com/2008/05/thyagaraja-kriti-naadaadina-maata-raga.html
nAdOpAsana,bEgaDa,http://thyagaraja-vaibhavam.blogspot.com/2008/06/thyagaraja-kriti-nadopasana-raga-begada.html
nAdupai,madhyamAvati,http://thyagaraja-vaibhavam.blogspot.com/2007/09/thyagaraja-kriti-naadupai-raga.html
nAma kusuma,SrI rAgaM,http://thyagaraja-vaibhavam.blogspot.com/2007/10/thyagaraja-kriti-naama-kusuma-raga-sri.html
nApAli SrI rAma,SankarAbharaNaM,http://thyagaraja-vaibhavam.blogspot.com/2008/03/thyagaraja-kriti-naapaali-sri-rama-raga.html
nArada gAna,aThANa,http://thyagaraja-vaibhavam.blogspot.com/2008/04/thyagaraja-kriti-narada-gana-raga.html
nArada guru svAmi,darbAr,http://thyagaraja-vaibhavam.blogspot.com/2007/08/thyagaraja-kriti-naarada-guru-svaami.html
nArada muni,pantuvarALi,http://thyagaraja-vaibhavam.blogspot.com/2008/08/thyagaraja-kriti-narada-muni-raga.html
nArAyaNa hari,yamunA kalyANi,http://thyagaraja-vaibhavam.blogspot.com/2008/10/thyagaraja-kriti-narayana-hari-raga.html
nAtha brOvavE,bhairavi,http://thyagaraja-vaibhavam.blogspot.com/2007/05/thyagaraja-kriti-naatha-brovavae-raga.html
nATi mATa,dEva kriya,http://thyagaraja-vaibhavam.blogspot.com/2007/07/thyagaraja-kriti-naati-maata-raga.html
nAyeDa vancana,nabhOmaNi,http://thyagaraja-vaibhavam.blogspot.com/2008/08/thyagaraja-kriti-nayeda-vanchana-raga.html
nenaruncarA nApaini,simha vAhini,http://thyagaraja-vaibhavam.blogspot.com/2007/11/thyagaraja-kriti-nenaruncharaa-naapaini.html
nenaruncinAnu,mAlavi,http://thyagaraja-vaibhavam.blogspot.com/2008/01/thyagaraja-kriti-nenarunchinaanu-raga.html
nE mora peTTitE,rUpavati,http://thyagaraja-vaibhavam.blogspot.com/2009/01/tyagaraja-kriti-ne-mora-pettite-raga.html
nE pogaDakuNTE,dESiya tODi,http://thyagaraja-vaibhavam.blogspot.com/2008/11/thyagaraja-kriti-ne-pogadakunte-raga.html
nEnendu vetukudurA,karnATaka behAg,http://thyagaraja-vaibhavam.blogspot.com/2007/11/thyagaraja-kriti-nenendu-vethukuduraa.html
nEramA rAma,saurAshTraM,http://thyagaraja-vaibhavam.blogspot.com/2007/05/thyagaraja-kriti-neramaa-rama-raga.html
nidhi cAla sukhamA,kalyANi,http://thyagaraja-vaibhavam.blogspot.com/2008/09/thyagaraja-kriti-nidhi-chala-sukhama.html
nija marmamula,umAbharaNaM,http://thyagaraja-vaibhavam.blogspot.com/2007/11/thyagaraja-kriti-nija-marmamula-raga.html
nijamaitE mundara,bhairavi,http://thyagaraja-vaibhavam.blogspot.com/2007/05/thyagaraja-kriti-nijamaitae-mundara.html
nijamuga nI,sahAna,http://thyagaraja-vaibhavam.blogspot.com/2007/12/thyagaraja-kriti-nijamuga-nee-raga.html
ninnADanEla,kannaDa,http://thyagaraja-vaibhavam.blogspot.com/2008/05/thyagaraja-kriti-ninnaadanela-raga.html
ninnanavalasina,kalyANi,http://thyagaraja-vaibhavam.blogspot.com/2008/09/thyagaraja-kriti-ninnanavalasina-raga.html
ninnE bhajana,nATa,http://thyagaraja-vaibhavam.blogspot.com/2008/07/thyagaraja-kriti-ninne-bhajana-raga.html
ninnE nera,pantuvarALi,http://thyagaraja-vaibhavam.blogspot.com/2008/08/thyagaraja-kriti-ninne-nera-raga.html
ninnE nera namminAnu,Arabhi,http://thyagaraja-vaibhavam.blogspot.com/2008/04/thyagaraja-kriti-ninne-nera-namminanu.html
ninu bAsi,balahamsa,http://thyagaraja-vaibhavam.blogspot.com/2008/01/thyagaraja-kriti-ninu-baasi-raga.html
ninu vinA nA madi,navarasa kannaDa,http://thyagaraja-vaibhavam.blogspot.com/2008/01/thyagaraja-kriti-ninnu-vinaa-naa-madi.html
ninu vinA sukhamu,tODi,http://thyagaraja-vaibhavam.blogspot.com/2008/11/thyagaraja-kriti-ninu-vinaa-sukhamu.html
niravadhi sukhada,ravi candirka,http://thyagaraja-vaibhavam.blogspot.com/2008/02/thyagaraja-kriti-niravadhi-sukhada-raga.html
nitya rUpa,kApi,http://thyagaraja-vaibhavam.blogspot.com/2007/08/thyagaraja-kriti-nithya-roopa-raga.html
nI bhajana,nAyaki,http://thyagaraja-vaibhavam.blogspot.com/2007/09/thyagaraja-kriti-nee-bhajana-raga.html
nI bhakti,jaya manOhari,http://thyagaraja-vaibhavam.blogspot.com/2007/08/thyagaraja-kriti-nee-bhakti-raga-jaya.html
nI cittamu nA,vijaya vasanta,http://thyagaraja-vaibhavam.blogspot.com/2008/08/thyagaraja-kriti-nee-chittamu-naa.html
nI cittamu niScalamu,dhanyAsi,http://thyagaraja-vaibhavam.blogspot.com/2008/12/thyagaraja-kriti-nee-chittamu.html
nI daya kalguTE,rIti gauLa,http://thyagaraja-vaibhavam.blogspot.com/2007/07/thyagaraja-kriti-nee-daya-galgutae-raga.html
nI daya rAdA,vasanta bhairavi,http://thyagaraja-vaibhavam.blogspot.com/2007/03/thyagaraja-kriti-nee-daya-raadaa-raga.html
nI daya rAvale,tODi,http://thyagaraja-vaibhavam.blogspot.com/2008/11/thyagaraja-kriti-nee-daya-raavale-raga.html
nI dayacE rAma,yadukula kAmbhOji,http://thyagaraja-vaibhavam.blogspot.com/2008/02/thyagaraja-kriti-nee-dayachae-rama-raga.html
nI dAsAnudAsuDu,hamIr kalyANi,http://thyagaraja-vaibhavam.blogspot.com/2008/10/thyagaraja-kriti-nee-dasaanudaasudu.html
nI muddu mOmu,kamalA manOhari,http://thyagaraja-vaibhavam.blogspot.com/2007/11/thyagaraja-kriti-nee-muddu-momu-raga.html
nI nAma rUpamulaku,saurAshTraM,http://thyagaraja-vaibhavam.blogspot.com/2007/05/thyagaraja-kriti-nee-naama-roopamulaku.html
nI pada pankaja,bEgaDa,http://thyagaraja-vaibhavam.blogspot.com/2008/06/thyagaraja-kriti-nee-pada-pankaja-raga.html
nI sari sATi,hEmavati,http://thyagaraja-vaibhavam.blogspot.com/2008/09/thyagaraja-kriti-nee-sari-saati-raga.html
nIdu caraNamulE,simhEndra madhyamaM,http://thyagaraja-vaibhavam.blogspot.com/2008/09/thyagaraja-kriti-needu-charanamule-raga.html
nIkE daya rAka,nIlAmbari,http://thyagaraja-vaibhavam.blogspot.com/2008/06/thyagaraja-kriti-neeke-daya-raka-raga.html
nIkE teliyaka,Ananda bhairavi,http://thyagaraja-vaibhavam.blogspot.com/2007/06/thyagaraja-kriti-neekae-theliyaka-raga.html
nIkevari bOdhana,Suddha sAvEri,http://thyagaraja-vaibhavam.blogspot.com/2008/07/thyagaraja-kriti-neekevari-bodhana-raga.html
nIku tanaku,bEgaDa,http://thyagaraja-vaibhavam.blogspot.com/2008/06/thyagaraja-kriti-neeku-thanaku-raga.html
nIvADa nE gAna,sAranga,http://thyagaraja-vaibhavam.blogspot.com/2008/10/thyagaraja-kriti-neevaada-ne-gaana-raga.html
nIvaNTi daivamu,bhairavi,http://thyagaraja-vaibhavam.blogspot.com/2007/06/thyagaraja-kriti-neevanti-daivamu-raga.html
nIvaNTi daivamu,tODi,http://thyagaraja-vaibhavam.blogspot.com/2008/11/thyagaraja-kriti-neevanti-daivamu.html
nIvE kAni,bilahari,http://thyagaraja-vaibhavam.blogspot.com/2008/06/thyagaraja-kriti-neeve-kani-raga.html
nIvE kanneDa,saurAshTraM,http://thyagaraja-vaibhavam.blogspot.com/2007/05/thyagaraja-kriti-neevae-kannada-raga.html
nIvErA kula dhanamu,bEgaDa,http://thyagaraja-vaibhavam.blogspot.com/2008/06/thyagaraja-kriti-neevera-kula-dhanamu.html
nIvu brOva valenamma,sAvEri,http://thyagaraja-vaibhavam.blogspot.com/2007/04/thyagaraja-kriti-neevu-brova-valenamma.html
nOrEmi SrI rAma,varALi,http://thyagaraja-vaibhavam.blogspot.com/2008/07/thyagaraja-kriti-noremi-sri-rama-raga.html
oka mATa,hari kAmbhOji,http://thyagaraja-vaibhavam.blogspot.com/2007/11/thyagaraja-kriti-oka-maata-raga-hari.html
oka pAri jUDaga,kalAvati,http://thyagaraja-vaibhavam.blogspot.com/2007/04/thyagaraja-kriti-oka-paari-joodaga-raga.html
orulanADu,Suddha sAvEri,http://thyagaraja-vaibhavam.blogspot.com/2008/07/thyagaraja-kriti-orulanadukovalasinadem.html
O jagannAthA,kEdAra gauLa,http://thyagaraja-vaibhavam.blogspot.com/2007/12/thyagaraja-kriti-o-jagannaatha-raga.html
O ramA ramaNa,kEdAraM,http://thyagaraja-vaibhavam.blogspot.com/2008/05/thyagaraja-kriti-o-ramaa-ramana-raga.html
O ranga sAyI,kAmbhOji,http://thyagaraja-vaibhavam.blogspot.com/2007/12/thyagaraja-kriti-o-ranga-saayee-raga.html
O rAjIvAksha,Arabhi,http://thyagaraja-vaibhavam.blogspot.com/2008/04/thyagaraja-kriti-o-rajivaksha-raga.html
O rAma O rAma,Arabhi,http://thyagaraja-vaibhavam.blogspot.com/2008/04/thyagaraja-kriti-o-rama-o-rama-raga.html
O rAma rAma sarvOnnata,nAga gAndhAri,http://thyagaraja-vaibhavam.blogspot.com/2007/06/thyagaraja-kriti-o-rama-rama.html
ODanu jaripE,sAranga,http://thyagaraja-vaibhavam.blogspot.com/2008/10/thyagaraja-kriti-odanu-jaripe-raga.html
Ora jUpu,kannaDa gauLa,http://thyagaraja-vaibhavam.blogspot.com/2007/07/thyagaraja-kriti-ora-joopu-raga-kannada.html
padavi nI,sAlaka bhairavi,http://thyagaraja-vaibhavam.blogspot.com/2007/10/thyagaraja-kriti-padavi-nee-raga.html
pakkala nilabaDi,kharahara priya,http://thyagaraja-vaibhavam.blogspot.com/2007/07/thyagaraja-kriti-pakkala-nilabadi-raga.html
paluka kaNDa,navarasa kannaDa,http://thyagaraja-vaibhavam.blogspot.com/2008/01/thyagaraja-kriti-paluka-kanda-raga.html
palukavEmi nA daivamA,pUrNa candrika,http://thyagaraja-vaibhavam.blogspot.com/2008/06/thyagaraja-kriti-palukavemi-naa-daivama.html
palukavEmi patita pAvana,Arabhi,http://thyagaraja-vaibhavam.blogspot.com/2008/04/thyagaraja-kriti-palukavemi-patita.html
para lOka bhayamu,mandAri,http://thyagaraja-vaibhavam.blogspot.com/2008/08/thyagaraja-kriti-paraloka-bhayamu-raga.html
para lOka sAdhanamE,pUri kalyANi,http://thyagaraja-vaibhavam.blogspot.com/2008/08/thyagaraja-kriti-paraloka-sadhaname.html
parA Sakti manupa,sAvEri,http://thyagaraja-vaibhavam.blogspot.com/2007/04/thyagaraja-kriti-paraasakti-manupa-raga.html
parAku jEsina,jujAhuli,http://thyagaraja-vaibhavam.blogspot.com/2009/01/tyagaraja-kriti-paraaku-jesina-raga.html
parAku nIkElarA,kiraNAvaLi,http://thyagaraja-vaibhavam.blogspot.com/2007/06/thyagaraja-kriti-paraaku-neekelaraa.html
parama pAvana,pantuvarALi,http://thyagaraja-vaibhavam.blogspot.com/2008/08/thyagaraja-kriti-parama-pavana-raga.html
paramAtmuDu,vAgadhISvari,http://thyagaraja-vaibhavam.blogspot.com/2008/07/thyagaraja-kriti-paramatmudu-raga.html
parAmukhamEla,suraTi,http://thyagaraja-vaibhavam.blogspot.com/2008/03/thyagaraja-kriti-paraamukhamela-raga.html
paripAlaya,darbAr,http://thyagaraja-vaibhavam.blogspot.com/2007/08/thyagaraja-kriti-paripaalaya-maam-raga.html
paripAlaya dASarathE,SankarAbharaNaM,http://thyagaraja-vaibhavam.blogspot.com/2008/03/thyagaraja-kriti-paripaalaya-dasarathae.html
paripAlaya paripAlaya,rIti gauLa,http://thyagaraja-vaibhavam.blogspot.com/2007/07/thyagaraja-kriti-paripaalaya.html
paripUrNa kAma,hamsa bhramari,http://thyagaraja-vaibhavam.blogspot.com/2008/09/thyagaraja-kriti-paripoorna-kama-raga.html
paripUrNa kAma,pUri kalyANi,http://thyagaraja-vaibhavam.blogspot.com/2008/08/thyagaraja-kriti-paripoorna-kama-raga.html
paritApamu,manOhari,http://thyagaraja-vaibhavam.blogspot.com/2007/09/thyagaraja-kriti-parithaapamu-raga.html
pariyAcakamA,vanaspati,http://thyagaraja-vaibhavam.blogspot.com/2008/10/thyagaraja-kriti-pariyaachakama-raga.html
parulanu vEDanu,balahamsa,http://thyagaraja-vaibhavam.blogspot.com/2008/01/thyagaraja-kriti-parulanu-vedanu-raga.html
patiki hArati,suraTi,http://thyagaraja-vaibhavam.blogspot.com/2008/02/thyagaraja-kriti-pathiki-haarathi-raga.html
patiki mangaLa,Arabhi,http://thyagaraja-vaibhavam.blogspot.com/2008/04/thyagaraja-kriti-pathiki-mangala.html
paTTi viDuva,manjari,http://thyagaraja-vaibhavam.blogspot.com/2007/09/thyagaraja-kriti-patti-viduva-raga.html
pAhi kalyANa sundara,punnAga varALi,http://thyagaraja-vaibhavam.blogspot.com/2009/01/tyagaraja-kriti-paahi-kalyaana-sundara.html
pAhi kalyANi rAma,kApi,http://thyagaraja-vaibhavam.blogspot.com/2007/08/thyagaraja-kriti-paahi-kalyaana-rama.html
pAhi mAM harE,saurAshTraM,http://thyagaraja-vaibhavam.blogspot.com/2007/05/thyagaraja-kriti-paahi-maam-harae-raga.html
pAhi mAM SrI rAmacandra,kApi,http://thyagaraja-vaibhavam.blogspot.com/2007/08/thyagaraja-kriti-paahi-maam-sri.html
pAhi parama dayALO,kApi,http://thyagaraja-vaibhavam.blogspot.com/2007/08/thyagaraja-kriti-paahi-parama-dayaalo.html
pAhi paramAtma,varALi,http://thyagaraja-vaibhavam.blogspot.com/2008/07/thyagaraja-kriti-pahi-paramatma-raga.html
pAhi pAhi dIna bandhO,saurAshTraM,http://thyagaraja-vaibhavam.blogspot.com/2007/05/thyagaraja-kriti-paahi-paahi-deena.html
pAhi rAma dUta,vasanta varALi,http://thyagaraja-vaibhavam.blogspot.com/2008/08/thyagaraja-kriti-pahi-rama-duta-raga.html
pAhi ramA ramaNa,varALi,http://thyagaraja-vaibhavam.blogspot.com/2008/07/thyagaraja-kriti-pahi-ramaa-ramana-raga.html
pAhi rAma rAmayanucu,kharahara priya,http://thyagaraja-vaibhavam.blogspot.com/2007/07/thyagaraja-kriti-paahi-rama-ramayanucu.html
pAhi rAma candra,SankarAbharaNaM,http://thyagaraja-vaibhavam.blogspot.com/2008/03/thyagaraja-kriti-pahi-ramachandra-raga.html
pAhi rAma candra,yadukula kAmbhOji,http://thyagaraja-vaibhavam.blogspot.com/2008/02/thyagaraja-kriti-paahi-ramachandra-raga.html
pAlaya SrI raghu vara,deva gAndhAri,http://thyagaraja-vaibhavam.blogspot.com/2008/05/thyagaraja-kriti-palaya-sri-raghuveera.html
pAlintuvO,kAntAmaNi,http://thyagaraja-vaibhavam.blogspot.com/2008/09/thyagaraja-kriti-palintuvo-raga.html
perugu pAlu,ghaNTA,http://thyagaraja-vaibhavam.blogspot.com/2008/12/thyagaraja-kriti-perugu-paalu-raga.html
pEriDi ninu,kharahara priya,http://thyagaraja-vaibhavam.blogspot.com/2007/07/thyagaraja-kriti-peridi-ninu-raga.html
phaNi pati SAyI,jhankAra dhvani,http://thyagaraja-vaibhavam.blogspot.com/2007/05/thyagaraja-kriti-phani-pathi-sayee-raga.html
prahlAda bhakti vijayam,Part 1,http://thyagaraja-vaibhavam.blogspot.com/2011/07/prahlada-bhakti-vijayam-part-1-dance.html
prahlAda bhakti vijayam,Part 2,http://thyagaraja-vaibhavam.blogspot.com/2011/07/prahlada-bhakti-vijayam-part-2-dance.html
prahlAda bhakti vijayam,Part 3,http://thyagaraja-vaibhavam.blogspot.com/2011/08/prahlada-bhakti-vijayam-part-3.html
prahlAda bhakti vijayam,Part 4,http://thyagaraja-vaibhavam.blogspot.com/2011/09/prahlada-bhakti-vijayam-part-4.html
prahlAda bhakti vijayam,Part 5,http://thyagaraja-vaibhavam.blogspot.com/2011/09/prahlada-bhakti-vijayam-part-5.html
prANa nAtha,SUlini,http://thyagaraja-vaibhavam.blogspot.com/2008/07/thyagaraja-kriti-prana-natha-raga.html
prArabdham,svarAvaLi,http://thyagaraja-vaibhavam.blogspot.com/2008/02/thyagaraja-kriti-praarabdham-raga.html
proddu poyyenu,tODi,http://thyagaraja-vaibhavam.blogspot.com/2008/11/thyagaraja-kriti-proddu-poyyenu-raga.html
pUla pAnpu,Ahiri,http://thyagaraja-vaibhavam.blogspot.com/2008/12/thyagaraja-kriti-poola-paanpu-raga.html
raghu nandana,kEdAra gauLa,http://thyagaraja-vaibhavam.blogspot.com/2007/12/thyagaraja-kriti-raghu-nandana-raghu.html
raghu nandana rAja,Suddha dESi,http://thyagaraja-vaibhavam.blogspot.com/2007/06/thyagaraja-kriti-raghu-nandana-raaja.html
raghu nAyaka,hamsa dhvani,http://thyagaraja-vaibhavam.blogspot.com/2008/07/thyagaraja-kriti-raghu-nayaka-raga.html
raghu patE rAma,sahAna,http://thyagaraja-vaibhavam.blogspot.com/2007/12/thyagaraja-kriti-raghupathae-rama-raga.html
raghu vara nannu,pantuvarALi,http://thyagaraja-vaibhavam.blogspot.com/2008/08/thyagaraja-kriti-raghuvara-nannu-raga.html
raghuvIra raNa,husEni,http://thyagaraja-vaibhavam.blogspot.com/2007/10/thyagaraja-kriti-raghuveera-rana-dheera.html
raksha peTTarE,bhairavi,http://thyagaraja-vaibhavam.blogspot.com/2007/06/thyagaraja-kriti-raksha-pettarae-raga.html
ramA ramaNa bhAramA,vasanta bhairavi,http://thyagaraja-vaibhavam.blogspot.com/2007/03/thyagaraja-kriti-ramaa-ramana-bhaaramaa.html
ramA ramaNa rArA,SankarAbharaNaM,http://thyagaraja-vaibhavam.blogspot.com/2008/03/thyagaraja-kriti-ramaa-ramana-rara-raga.html
ramincuvArevarurA,supOshiNi,http://thyagaraja-vaibhavam.blogspot.com/2008/02/thyagaraja-kriti-raminchuvaarevaruraa.html
ranga nAyaka,SankarAbharaNaM,http://thyagaraja-vaibhavam.blogspot.com/2008/03/thyagaraja-kriti-ranga-nayaka-raga.html
rAga ratna,rIti gauLa,http://thyagaraja-vaibhavam.blogspot.com/2007/07/thyagaraja-kriti-raaga-ratna-raga.html
rAga sudhA,AndOLika,http://thyagaraja-vaibhavam.blogspot.com/2007/09/thyagaraja-kriti-raga-sudhaa-raga.html
rAju veDale,tODi,http://thyagaraja-vaibhavam.blogspot.com/2008/11/thyagaraja-kriti-raju-vedale-raga-todi.html
rAkA SaSi vadana,Takka,http://thyagaraja-vaibhavam.blogspot.com/2007/03/thyagaraja-kriti-raakaa-sasi-vadana.html
rAma bANa,sAvEri,http://thyagaraja-vaibhavam.blogspot.com/2007/04/thyagaraja-kriti-rama-baana-raga.html
rAma bhakti,Suddha bangALA,http://thyagaraja-vaibhavam.blogspot.com/2007/10/thyagaraja-kriti-rama-bhakti-raga.html
rAma daivamA,suraTi,http://thyagaraja-vaibhavam.blogspot.com/2008/03/thyagaraja-kriti-rama-daivama-raga.html
rAma Eva daivataM,balahamsa,http://thyagaraja-vaibhavam.blogspot.com/2008/01/thyagaraja-kriti-rama-eva-daivatam-raga.html
rAma kathA,madhyamAvati,http://thyagaraja-vaibhavam.blogspot.com/2007/09/thyagaraja-kriti-rama-kathaa-raga.html
rAma kOdaNDa rAma,bhairavi,http://thyagaraja-vaibhavam.blogspot.com/2007/06/thyagaraja-kriti-rama-kothanda-rama.html
rAma lObhamA,darbAr,http://thyagaraja-vaibhavam.blogspot.com/2007/08/thyagaraja-kriti-rama-lobhamela-raga.html
rAma nAmaM bhajarE,madhyamAvati,http://thyagaraja-vaibhavam.blogspot.com/2007/09/thyagaraja-kriti-rama-namam-bhajarae.html
rAma nAmamu janma,aThANa,http://thyagaraja-vaibhavam.blogspot.com/2008/05/thyagaraja-kriti-rama-namamu-janma.html
rAma nannu brOva,hari kAmbhOji,http://thyagaraja-vaibhavam.blogspot.com/2007/11/thyagaraja-kriti-rama-nannu-brova-raga.html
rAma nI samAnamu,kharahara priya,http://thyagaraja-vaibhavam.blogspot.com/2007/07/thyagaraja-kriti-rama-nee-samaanamu.html
rAma ninnE nammi,husEni,http://thyagaraja-vaibhavam.blogspot.com/2007/10/thyagaraja-kriti-rama-ninnae-nammi-raga.html
rAma ninu vinA,SankarAbharaNaM,http://thyagaraja-vaibhavam.blogspot.com/2008/03/thyagaraja-kriti-rama-ninnu-vina-raga.html
rAma nIpai tanaku,kEdAraM,http://thyagaraja-vaibhavam.blogspot.com/2008/05/thyagaraja-kriti-rama-neepai-thanaku.html
rAma nIvAdukonduvO,kalyANi,http://thyagaraja-vaibhavam.blogspot.com/2008/09/thyagaraja-kriti-rama-neevadukonduvo.html
rAma nIvE kAni,nArAyaNi,http://thyagaraja-vaibhavam.blogspot.com/2008/01/thyagaraja-kriti-rama-neevae-kaani-raga.html
rAma nIyeDa,kharahara priya,http://thyagaraja-vaibhavam.blogspot.com/2007/07/thyagaraja-kriti-rama-neeyeda-raga.html
rAma pAhi,kApi,http://thyagaraja-vaibhavam.blogspot.com/2007/08/thyagaraja-kriti-rama-paahi-raga-kaapi.html
rAma raghu kula,kApi,http://thyagaraja-vaibhavam.blogspot.com/2007/08/thyagaraja-kriti-rama-raghu-kula-raga.html
rAma rAma gOvinda,saurAshTraM,http://thyagaraja-vaibhavam.blogspot.com/2007/05/thyagaraja-kriti-rama-rama-govinda-raga.html
rAma rAma kRshNa,gauLipantu,http://thyagaraja-vaibhavam.blogspot.com/2007/03/thyagaraja-kriti-rama-rama-krishna-raga.html
rAma rAma nI vAramu,Ananda bhairavi,http://thyagaraja-vaibhavam.blogspot.com/2007/06/thyagaraja-kriti-rama-rama-nee-vaaramu.html
rAma rAma rAma lAli,sahAna,http://thyagaraja-vaibhavam.blogspot.com/2007/12/thyagaraja-kriti-rama-rama-rama-laali.html
rAma rAma rAma mAM pAhi,yamunA kalyANi,http://thyagaraja-vaibhavam.blogspot.com/2008/10/thyagaraja-kriti-rama-rama-rama-mam.html
rAma rAma rAma nApai,kalyANi,http://thyagaraja-vaibhavam.blogspot.com/2008/09/thyagaraja-kriti-rama-rama-rama-napai.html
rAma rAma rAma rAma,cencuruTi,http://thyagaraja-vaibhavam.blogspot.com/2008/02/thyagaraja-kriti-rama-rama-rama-rama.html
rAmA rAma rAma rAmAyani,mOhanaM,http://thyagaraja-vaibhavam.blogspot.com/2008/02/thyagaraja-kriti-rama-rama-rama.html
rAma rAma rAma sItA,husEni,http://thyagaraja-vaibhavam.blogspot.com/2007/10/thyagaraja-kriti-rama-rama-rama-sita.html
rAma rAma rAmacandra,ghaNTA,http://thyagaraja-vaibhavam.blogspot.com/2008/12/thyagaraja-kriti-rama-rama-ramachandra.html
rAma samayamu,madhyamAvati,http://thyagaraja-vaibhavam.blogspot.com/2007/09/thyagaraja-kriti-rama-samayamu-raga.html
rAma SitA rAma,balahamsa,http://thyagaraja-vaibhavam.blogspot.com/2008/01/thyagaraja-kriti-rama-sita-rama-raga.html
rAma sItA rAma,SankarAbharaNaM,http://thyagaraja-vaibhavam.blogspot.com/2008/03/thyagaraja-kriti-rama-sita-rama-rama.html
rAma SrI rAma lAli,SankarAbharaNaM,http://thyagaraja-vaibhavam.blogspot.com/2008/03/thyagaraja-kriti-rama-sri-rama-lali.html
rAmacandra nI daya,suraTi,http://thyagaraja-vaibhavam.blogspot.com/2008/03/thyagaraja-kriti-ramachandra-ni-daya.html
rAmA ninu nammina,mOhanaM,http://thyagaraja-vaibhavam.blogspot.com/2008/02/thyagaraja-kriti-rama-ninu-nammina-raga.html
rAmAbhirAma manasu,dhanyAsi,http://thyagaraja-vaibhavam.blogspot.com/2008/12/thyagaraja-kriti-ramaabhirama-manasu.html
rAmAbhirAma raghurAma,sAvEri,http://thyagaraja-vaibhavam.blogspot.com/2007/04/thyagaraja-kriti-ramaabhirama-raghurama.html
rAmAbhirAma ramaNIya,darbAr,http://thyagaraja-vaibhavam.blogspot.com/2007/08/thyagaraja-kriti-ramaabhirama-ramaneeya.html
rAmaM bhajEhaM,sAvEri,http://thyagaraja-vaibhavam.blogspot.com/2007/04/thyagaraja-kriti-ramam-bhajeham-raga.html
rAmuni maravakavE,kEdAra gauLa,http://thyagaraja-vaibhavam.blogspot.com/2007/12/thyagaraja-kriti-raamuni-maravakavae.html
rAnidi rAdu,maNirangu,http://thyagaraja-vaibhavam.blogspot.com/2007/09/thyagaraja-kriti-raanidi-raadu-raga.html
rArA mAyiNTidAka,asAvEri,http://thyagaraja-vaibhavam.blogspot.com/2008/12/thyagaraja-kriti-raaraa-maayintidaaka.html
rArA nannElukOrA,saurAshTraM,http://thyagaraja-vaibhavam.blogspot.com/2007/05/thyagaraja-kriti-raaraa-nannelukoraa.html
rArA phaNi Sayana,hari kAmbhOji,http://thyagaraja-vaibhavam.blogspot.com/2007/11/thyagaraja-kriti-raaraa-phani-sayana.html
rArA raghuvIra,aThANa,http://thyagaraja-vaibhavam.blogspot.com/2008/05/thyagraja-kriti-rara-ragahuvira-raga.html
rArA sItA ramaNi,hindOLa vasanta,http://thyagaraja-vaibhavam.blogspot.com/2007/06/thyagaraja-kriti-raaraa-seetha-ramani.html
rE mAnasa,tODi,http://thyagaraja-vaibhavam.blogspot.com/2008/11/thyagaraja-kriti-re-manasa-raga-todi.html
rUkalu padi vElu,dESiya tODi,http://thyagaraja-vaibhavam.blogspot.com/2008/11/thyagaraja-kriti-rukalu-padivelu-raga.html
sadA madini,gambhIra vANi,http://thyagaraja-vaibhavam.blogspot.com/2008/07/thyagaraja-kriti-sadaa-madini-raga.html
samayamu EmarakE,kalgaDa,http://thyagaraja-vaibhavam.blogspot.com/2009/01/tyagaraja-kriti-samayamu-emarake-raga.html
samayamu telisi,asAvEri,http://thyagaraja-vaibhavam.blogspot.com/2008/12/thyagaraja-kriti-samayamu-telisi-raga.html
samsArulaitE,sAvEri,http://thyagaraja-vaibhavam.blogspot.com/2007/04/thyagaraja-kriti-samsaarulaitae-raga.html
samukhAna nilva,kOkila varALi,http://thyagaraja-vaibhavam.blogspot.com/2007/06/thyagaraja-kriti-samukhaana-nilva-raga.html
sanAtana,phala manjari,http://thyagaraja-vaibhavam.blogspot.com/2007/09/thyagaraja-kriti-sanaathana-raga-phala.html
sandEhamunu,rAma priya,http://thyagaraja-vaibhavam.blogspot.com/2008/08/thyagaraja-kriti-sandehamunu-raga.html
sandEhamuyElarA,kalyANi,http://thyagaraja-vaibhavam.blogspot.com/2008/10/thyagaraja-kriti-sandehamuyelara-raga.html
sangIta jnAnamu,dhanyAsi,http://thyagaraja-vaibhavam.blogspot.com/2008/12/thyagaraja-kriti-sangeeta-jnaanamu-raga.html
sangIta Sastra,mukhAri,http://thyagaraja-vaibhavam.blogspot.com/2007/10/thyagaraja-kriti-sangita-sastra-raga.html
sarasa sAma dAna,kApi nArAyaNi,http://thyagaraja-vaibhavam.blogspot.com/2007/11/thyagaraja-kriti-sarasa-saama-daana.html
sarasIruha nayana,bilahari,http://thyagaraja-vaibhavam.blogspot.com/2008/07/thyagaraja-kriti-saraseeruha-nayana.html
sarasIruha nayanE,amRta varshiNi,http://thyagaraja-vaibhavam.blogspot.com/2008/10/thyagaraja-kriti-saraseeruha-nayane.html
sarasIruhAnana,mukhAri,http://thyagaraja-vaibhavam.blogspot.com/2007/10/thyagaraja-kriti-saraseeruhaanana-raga.html
sari jEsi vEduka,tIvra vAhini,http://thyagaraja-vaibhavam.blogspot.com/2008/08/thyagaraja-kriti-sari-jesi-veduka-raga.html
sarivArilOna,bhinna shaDjaM,http://thyagaraja-vaibhavam.blogspot.com/2009/01/tyagaraja-kriti-sarivaarilona-raga.html
sariyevvarE,SrI ranjani,http://thyagaraja-vaibhavam.blogspot.com/2007/10/thyagaraja-kriti-sariyevvarae-raga-sri.html
sarva lOka,husEni,http://thyagaraja-vaibhavam.blogspot.com/2007/10/thyagaraja-kriti-sarva-loka-dayaanidhae.html
sarvAntaryAmi,bhairavi,http://thyagaraja-vaibhavam.blogspot.com/2007/06/thyagaraja-kriti-sarvaantharyaami-raga.html
satta lEni,nAgA nandini,http://thyagaraja-vaibhavam.blogspot.com/2008/07/thyagaraja-kriti-satta-leni-raga.html
sAdhincenE,Arabhi,http://thyagaraja-vaibhavam.blogspot.com/2008/04/thyagaraja-kriti-sadhinchene-raga.html
sAgaruNDu,yamunA kalyANi,http://thyagaraja-vaibhavam.blogspot.com/2008/10/thyagaraja-kriti-saagarundu-raga-yamuna.html
sAkEta nikEtana,kannaDa,http://thyagaraja-vaibhavam.blogspot.com/2008/05/thyagaraja-kriti-saketa-niketana-raga.html
sAkshi lEdanucu,bangALa,http://thyagaraja-vaibhavam.blogspot.com/2008/06/thyagaraja-kriti-sakshi-ledanuchu-raga.html
sAmaja vara gamana,hindOLaM,http://thyagaraja-vaibhavam.blogspot.com/2007/06/thyagaraja-kriti-saamaja-vara-gamana.html
sAmiki sari,bEgaDa,http://thyagaraja-vaibhavam.blogspot.com/2008/06/thyagaraja-kriti-samiki-sari-raga.html
sAramE kAni,pantuvarALi,http://thyagaraja-vaibhavam.blogspot.com/2008/08/thyagaraja-kriti-sarame-kani-raga.html
sArasa nEtra,SankarAbharaNaM,http://thyagaraja-vaibhavam.blogspot.com/2008/04/thyagaraja-kriti-saarasa-netra-raga.html
sAri veDalina,asAvEri,http://thyagaraja-vaibhavam.blogspot.com/2008/12/thyagaraja-kriti-saari-vedalina-raga.html
sArvabhauma,rAga panjaraM,http://thyagaraja-vaibhavam.blogspot.com/2008/02/thyagaraja-kriti-saarvabhauma-raga.html
siggu mAli,kEdAra gauLa,http://thyagaraja-vaibhavam.blogspot.com/2007/12/thyagaraja-kriti-siggu-maali-raga.html
sItA kalyANa,SankarAbharaNaM,http://thyagaraja-vaibhavam.blogspot.com/2008/04/thyagaraja-kriti-sita-kalyana.html
sItA manOhara,rAma manOhari,http://thyagaraja-vaibhavam.blogspot.com/2008/08/thyagaraja-kriti-sita-manohari-raga.html
sItA nAyaka,rIti gauLa,http://thyagaraja-vaibhavam.blogspot.com/2007/07/thyagaraja-kriti-seetha-naayaka-raga.html
sItA pati kAvavayya,SankarAbharaNaM,http://thyagaraja-vaibhavam.blogspot.com/2008/04/thyagaraja-kriti-sitapati-kaavavayya.html
sItA pati nA manasuna,kamas,http://thyagaraja-vaibhavam.blogspot.com/2007/11/thyagaraja-kriti-seetha-pathi-naa.html
sItA vara,deva gAndhAri,http://thyagaraja-vaibhavam.blogspot.com/2008/05/thyagaraja-kriti-sita-vara-raga-deva.html
sItamma mAyamma,vasanta,http://thyagaraja-vaibhavam.blogspot.com/2007/04/thyagaraja-kriti-seethamma-maayamma.html
smaraNE sukhamu,jana ranjani,http://thyagaraja-vaibhavam.blogspot.com/2008/05/thyagaraja-kriti-smarane-sukhamu-raga.html
sogasu jUDa,kannaDa gauLa,http://thyagaraja-vaibhavam.blogspot.com/2007/07/thyagaraja-kriti-sogasu-jooda-raga.html
sogasugA mRdanga,SrI ranjani,http://thyagaraja-vaibhavam.blogspot.com/2007/10/thyagaraja-kriti-sogasugaa-mridanga.html
sudhA mAdhurya,sindhu rAmakriya,http://thyagaraja-vaibhavam.blogspot.com/2007/04/thyagaraja-kriti-sudhaa-maadhurya-raga.html
suguNamulE,cakravAkaM,http://thyagaraja-vaibhavam.blogspot.com/2007/04/thyagaraja-kriti-sugunamulae-raga.html
sujana jIvana,kamas,http://thyagaraja-vaibhavam.blogspot.com/2007/11/thyagaraja-kriti-sujana-jeevana-raga.html
sukhiyevarO,kAnaDa,http://thyagaraja-vaibhavam.blogspot.com/2007/08/thyagaraja-kriti-sukhiyevaro-raga.html
sundara daSaratha,kApi,http://thyagaraja-vaibhavam.blogspot.com/2007/08/thyagaraja-kriti-sundara-dasaratha-raga.html
sundara tara dEhaM,pantuvarALi,http://thyagaraja-vaibhavam.blogspot.com/2008/08/thyagaraja-kriti-sundaratara-deham-raga.html
sundarESvaruni,SankarAbharaNaM,http://thyagaraja-vaibhavam.blogspot.com/2008/04/thyagaraja-kriti-sundaresvaruni-raga.html
sundari nannindarilO,bEgaDa,http://thyagaraja-vaibhavam.blogspot.com/2008/06/thyagaraja-kriti-sundari-nannindarilo.html
sundari nI divya,kalyANi,http://thyagaraja-vaibhavam.blogspot.com/2008/10/thyagaraja-kriti-sundari-nee-divya-raga.html
sundari ninnu,Arabhi,http://thyagaraja-vaibhavam.blogspot.com/2008/04/thyagaraja-kriti-sundari-ninnu-raga.html
svara rAga sudhA,SankarAbharaNaM,http://thyagaraja-vaibhavam.blogspot.com/2008/04/thyagaraja-kriti-svara-raga-sudha-raga.html
SambhO mahA dEva,pantuvarALi,http://thyagaraja-vaibhavam.blogspot.com/2008/08/thyagaraja-kriti-sambho-mahadeva-raga.html
SambhO Siva,SankarAbharaNaM,http://thyagaraja-vaibhavam.blogspot.com/2008/03/thyagaraja-kriti-sambho-siva-sankara.html
Sara Sara samaraika,kuntala varALi,http://thyagaraja-vaibhavam.blogspot.com/2007/11/thyagaraja-kriti-sara-sara-samaraika.html
SaraNu SaraNanucu,madhyamAvati,http://thyagaraja-vaibhavam.blogspot.com/2007/09/thyagaraja-kriti-saranu-sarananucu-raga.html
SaSi vadana,candra jyOti,http://thyagaraja-vaibhavam.blogspot.com/2008/08/thyagaraja-kriti-sasi-vadana-raga.html
SAntamu lEka,sAma,http://thyagaraja-vaibhavam.blogspot.com/2008/02/thyagaraja-kriti-saantamu-leka-raga.html
Siva Siva,pantuvarALi,http://thyagaraja-vaibhavam.blogspot.com/2008/08/thyagaraja-kriti-siva-siva-raga.html
SivE pAhi mAM,kalyANi,http://thyagaraja-vaibhavam.blogspot.com/2008/10/thyagaraja-kriti-sive-pahimam-raga.html
SObhAnE SObhAnE,pantuvarALi,http://thyagaraja-vaibhavam.blogspot.com/2008/08/thyagaraja-kriti-sobhane-sobhane-raga.html
SObhillu sapta svara,jaganmOhini,http://thyagaraja-vaibhavam.blogspot.com/2007/03/thyagaraja-kriti-sobhillu-sapta-svara.html
SRngArincukoni,suraTi,http://thyagaraja-vaibhavam.blogspot.com/2008/03/thyagaraja-kriti-sringaarinchukoni-raga.html
SrI gaNa nAthaM,kanakAngi,http://thyagaraja-vaibhavam.blogspot.com/2008/10/thyagaraja-kriti-sri-gana-natham-raga.html
SrI gaNapatini,saurAshTraM,http://thyagaraja-vaibhavam.blogspot.com/2007/05/thyagaraja-kriti-sri-ganapathini-raga.html
SrI janaka tanayE,kalakaNThi,http://thyagaraja-vaibhavam.blogspot.com/2009/01/ty.html
SrI jAnaki manOhara,ISa manOhari,http://thyagaraja-vaibhavam.blogspot.com/2007/11/thyagaraja-kriti-sri-janaki-manohari.html
SrI kAnta nIyeDa,bhava priya,http://thyagaraja-vaibhavam.blogspot.com/2008/08/thyagaraja-kriti-sri-kantha-neeyeda.html
SrI mAnini,pUrNa shaDjaM,http://thyagaraja-vaibhavam.blogspot.com/2007/09/thyagaraja-kriti-sri-maanini-raga.html
SrI nArada muni,bhairavi,http://thyagaraja-vaibhavam.blogspot.com/2007/06/thyagaraja-kriti-sri-narada-muni-raga.html
SrI nArada nAda,kAnaDa,http://thyagaraja-vaibhavam.blogspot.com/2007/08/thyagaraja-kriti-sri-naarada-nada-raga.html
SrI nArasiMha,phala ranjani,http://thyagaraja-vaibhavam.blogspot.com/2008/01/thyagaraja-kriti-sri-naarasimha-raga.html
SrI raghu kulamandu,hamsa dhvani,http://thyagaraja-vaibhavam.blogspot.com/2008/07/thyagaraja-kriti-sri-raghu-kulamandu.html
SrI raghu vara dASarathE,SankarAbharaNaM,http://thyagaraja-vaibhavam.blogspot.com/2008/04/thyagaraja-kriti-sri-raghuvara.html
SrI raghu vara karuNAkara,dEva gAndhAri,http://thyagaraja-vaibhavam.blogspot.com/2008/05/thyagaraja-kriti-sri-raghuvara.html
SrI raghuvara suguNAlaya,bhairavi,http://thyagaraja-vaibhavam.blogspot.com/2007/06/thyagaraja-kriti-sri-raghuvara.html
SrI raghu varApramEya,kAmbhOji,http://thyagaraja-vaibhavam.blogspot.com/2007/12/thyagaraja-kriti-sri-raghuvara-aprameya.html
SrI rAma candra,sAvEri,http://thyagaraja-vaibhavam.blogspot.com/2007/04/thyagaraja-kriti-sri-ramachandra-raga.html
SrI rAma dAsa dAsOhaM,dhanyAsi,http://thyagaraja-vaibhavam.blogspot.com/2008/12/thyagaraja-kriti-sri-rama-dasa-dasoham.html
SrI rAma jaya rAma,madhyamAvati,http://thyagaraja-vaibhavam.blogspot.com/2007/09/thyagaraja-kriti-sri-rama-jaya-rama.html
SrI rAma jaya rAma,varALi,http://thyagaraja-vaibhavam.blogspot.com/2008/07/thyagaraja-kriti-sri-rama-jaya-rama.html
SrI rAma pAdamA,amRta vAhini,http://thyagaraja-vaibhavam.blogspot.com/2007/06/thyagaraja-kriti-sri-rama-paadamaa-raga.html
SrI rAma raghu rAma,yadukula kAmbhOji,http://thyagaraja-vaibhavam.blogspot.com/2008/02/thyagaraja-kriti-sri-rama-raghu-rama.html
SrI rAma rAma jagadAtma,pUrNa candrika,http://thyagaraja-vaibhavam.blogspot.com/2008/06/thyagaraja-kriti-sri-rama-rama.html
SrI rAma rAma rAma,nIlAmbari,http://thyagaraja-vaibhavam.blogspot.com/2008/06/thyagaraja-kriti-sri-rama-rama-rama.html
SrI rAma rAma rAma sItA,sAvEri,http://thyagaraja-vaibhavam.blogspot.com/2007/04/thyagaraja-kriti-sri-rama-rama-rama.html
SrI rAma rAmASritulamu,sAvEri,http://thyagaraja-vaibhavam.blogspot.com/2007/04/thyagaraja-kriti-sri-rama.html
SrI rAma SrI rAma,SahAna,http://thyagaraja-vaibhavam.blogspot.com/2007/12/thyagaraja-kriti-sri-rama-sri-rama-sri.html
SrI rAma SrI rAma,varALi,http://thyagaraja-vaibhavam.blogspot.com/2008/07/thyagaraja-kriti-sri-rama-sri-rama-raga.html
SrI ramya citta,jaya manOhari,http://thyagaraja-vaibhavam.blogspot.com/2007/08/thyagaraja-kriti-sri-ramya-chitta-raga.html
SrI tuLasamma,deva gAndhAri,http://thyagaraja-vaibhavam.blogspot.com/2008/05/thyagaraja-kriti-sri-thulasamma-raga.html
SrIpa priya,aThANa,http://thyagaraja-vaibhavam.blogspot.com/2008/05/thyagaraja-kriti-sripa-priya-raga.html
SrIpaptE nI pada,nAga svarAvaLi,http://thyagaraja-vaibhavam.blogspot.com/2008/01/thyagaraja-kriti-sripathe-nee-pada-raga.html
SyAma sundarAnga,dhanyAsi,http://thyagaraja-vaibhavam.blogspot.com/2008/12/thyagaraja-kriti-syaama-sundaraanga.html
talacinantanE,mukhAri,http://thyagaraja-vaibhavam.blogspot.com/2007/10/thyagaraja-kriti-thalachinanthanae-raga.html
talli taNDrulu,balahamsa,http://thyagaraja-vaibhavam.blogspot.com/2008/01/thyagaraja-kriti-thalli-thandrulu-raga.html
tana mIdanE,bhUshAvaLi,http://thyagaraja-vaibhavam.blogspot.com/2008/09/thyagaraja-kriti-tanameedane-raga.html
tanalOnE dhyAninci,deva gAndhAri,http://thyagaraja-vaibhavam.blogspot.com/2008/05/thyagaraja-kriti-thanalone-dhyaninchi.html
tanavAri tanamu,bEgaDa,http://thyagaraja-vaibhavam.blogspot.com/2008/06/thyagaraja-kriti-thanavari-thanamu-raga.html
tanayandE prEma,bhairavi,http://thyagaraja-vaibhavam.blogspot.com/2007/05/thyagaraja-kriti-thanayandae-prema-raga.html
tanayuni brOva,bhairavi,http://thyagaraja-vaibhavam.blogspot.com/2007/05/thyagaraja-kriti-thanayuni-brova-raga.html
tappaganE,Suddha bangALA,http://thyagaraja-vaibhavam.blogspot.com/2007/10/thyagaraja-kriti-thappaganae-raga.html
tappi bratiki,tODi,http://thyagaraja-vaibhavam.blogspot.com/2008/11/thyagaraja-kriti-tappi-bratiki-raga.html
tatvameruga,garuDa dhvani,http://thyagaraja-vaibhavam.blogspot.com/2008/05/thyagaraja-kriti-tatvameruga-raga.html
tava dAsOhaM,punnAga varALi,http://thyagaraja-vaibhavam.blogspot.com/2009/01/tyagaraja-kriti-tava-daasoham-raga.html
telisi rAma,pUrNa candrika,http://thyagaraja-vaibhavam.blogspot.com/2008/06/thyagaraja-kriti-thelisi-rama.html
teliya lEru rAma,dhEnuka,http://thyagaraja-vaibhavam.blogspot.com/2009/01/tyagaraja-kriti-teliyaleru-rama-raga.html
tera tIyaga,gauLipantu,http://thyagaraja-vaibhavam.blogspot.com/2007/03/thyagaraja-kriti-tera-teeyaga-raadaa.html
tIrunA nA lOni,sAvEri,http://thyagaraja-vaibhavam.blogspot.com/2007/04/thyagaraja-kriti-teerunaa-naaloni-raga.html
toli janmamuna,bilahari,http://thyagaraja-vaibhavam.blogspot.com/2008/06/thyagaraja-kriti-tholi-janmamuna-raga.html
toli nE jEsina,Suddha bangALA,http://thyagaraja-vaibhavam.blogspot.com/2007/10/thyagaraja-kriti-tholi-ne-jesina-raga.html
toli nEnu jEsina,kOkila dhvani,http://thyagaraja-vaibhavam.blogspot.com/2008/01/thyagaraja-kriti-tholi-nenu-jesina-raga.html
tuLasI bilva,kEdAra gauLa,http://thyagaraja-vaibhavam.blogspot.com/2007/12/thyagaraja-kriti-thulasi-bilva-raga.html
tuLasi daLamulacE,mAyA mALava gauLa,http://thyagaraja-vaibhavam.blogspot.com/2007/03/thyagaraja-kriti-tulasi-dalamulacae.html
tuLasi jagajjanani,sAvEri,http://thyagaraja-vaibhavam.blogspot.com/2007/04/thyagaraja-kriti-tulasi-jagajjanani.html
uNDEdi rAmuDu,hari kAmbhOji,http://thyagaraja-vaibhavam.blogspot.com/2007/11/thyagaraja-kriti-undedi-ramudu-raga.html
unna tAvuna,ghaNTA,http://thyagaraja-vaibhavam.blogspot.com/2008/12/thyagaraja-kriti-unna-taavuna-raga.html
upacAramu jEsEvAru,bhairavi,http://thyagaraja-vaibhavam.blogspot.com/2007/05/thyagaraja-kriti-upachaaramu-jesevaaru.html
upacAramulanu cEkona,bhairavi,http://thyagaraja-vaibhavam.blogspot.com/2007/05/thyagaraja-kriti-upachaaramulanu.html
uyyAlalUgavayya,nIlAmbari,http://thyagaraja-vaibhavam.blogspot.com/2008/05/thyagaraja-kriti-uyyalalugavayya-raga.html
UrakE kalgunA,sahAna,http://thyagaraja-vaibhavam.blogspot.com/2007/12/thyagaraja-kriti-urakae-kalgunaa-raga.html
vaccunu hari,kalyANi,http://thyagaraja-vaibhavam.blogspot.com/2008/09/thyagaraja-kriti-vacchunu-hari-raga.html
vaddanE vAru,shaNmukha priya,http://thyagaraja-vaibhavam.blogspot.com/2008/09/thyagaraja-kriti-vaddane-vaaru-raga.html
vaddayuNDEdE,varALi,http://thyagaraja-vaibhavam.blogspot.com/2008/07/thyagaraja-kriti-vaddayundede-raga.html
valla kAdanaka,SankarAbharaNaM,http://thyagaraja-vaibhavam.blogspot.com/2008/03/thyagaraja-kriti-valla-kadanaka-raga.html
vanaja nayanuDani,kEdAra gauLa,http://thyagaraja-vaibhavam.blogspot.com/2007/12/thyagaraja-kriti-vanaja-nayanudani-raga.html
vandanamu,SahAna,http://thyagaraja-vaibhavam.blogspot.com/2007/12/thyagaraja-kriti-vandanamu-raga-sahaana.html
vara lIla gAna,SankarAbharaNaM,http://thyagaraja-vaibhavam.blogspot.com/2008/03/thyagaraja-kriti-vara-leela-gana-raga.html
vara nArada,vijaya SrI,http://thyagaraja-vaibhavam.blogspot.com/2008/08/thyagaraja-kriti-vara-narada-raga.html
vara rAga laya,cencu kAmbhOji,http://thyagaraja-vaibhavam.blogspot.com/2007/12/thyagaraja-kriti-vara-raaga-laya-raga.html
vara Sikhi vAhana,supradIpaMa,http://thyagaraja-vaibhavam.blogspot.com/2007/05/thyagaraja-kriti-vara-sikhi-vaahana.html
varadA navanItASa,rAga panjaraM,http://thyagaraja-vaibhavam.blogspot.com/2008/02/thyagaraja-kriti-varadaa-navaneethaasa.html
varada rAja,svara bhUshaNi,http://thyagaraja-vaibhavam.blogspot.com/2007/10/thyagaraja-kriti-varada-raja-raga-svara.html
varamaina nEtrOtsava,paraju,http://thyagaraja-vaibhavam.blogspot.com/2007/03/thyagaraja-kriti-varamaina-netrotsava.html
varAlandukommani,ghurjari,http://thyagaraja-vaibhavam.blogspot.com/2007/03/thyagaraja-kriti-varaalandukommani-raga.html
vAcAmagOcaramE,kaikavaSi,http://thyagaraja-vaibhavam.blogspot.com/2008/09/thyagaraja-kriti-vaachaamagocharame.html
vADErA daivamu,pantuvarALi,http://thyagaraja-vaibhavam.blogspot.com/2008/08/thyagaraja-kriti-vadera-daivamu-raga.html
vAridhi nIku,tODi,http://thyagaraja-vaibhavam.blogspot.com/2008/11/thyagaraja-kriti-vaaridhi-neeku-raga.html
vArija nayana-1,kEdAra gauLa,http://thyagaraja-vaibhavam.blogspot.com/2007/12/thyagaraja-kriti-vaarija-nayana-1-raga.html
vArija nayana-2,kEdAra gauLa,http://thyagaraja-vaibhavam.blogspot.com/2007/12/thyagaraja-kriti-vaarija-nayana-2-raga.html
vAsu dEva vara guNa,bilahari,http://thyagaraja-vaibhavam.blogspot.com/2008/06/thyagaraja-kriti-vasudeva-varaguna-raga.html
vAsudEvayani,kalyANi,http://thyagaraja-vaibhavam.blogspot.com/2008/10/thyagaraja-kriti-vasudevayani-raga.html
veDalenu kOdaNDa pANi,tODi,http://thyagaraja-vaibhavam.blogspot.com/2008/11/thyagaraja-kriti-vedalenu-kothandapani.html
vEda vAkyamani,mOhanaM,http://thyagaraja-vaibhavam.blogspot.com/2008/02/thyagaraja-kriti-veda-vaakyamani-raga.html
vEnkaTESa,madhyamAvati,http://thyagaraja-vaibhavam.blogspot.com/2007/09/thyagaraja-kriti-venkatesa-raga.html
vENu gAna,kEdAra gauLa,http://thyagaraja-vaibhavam.blogspot.com/2007/12/thyagaraja-kriti-venu-gaana-loluni-raga.html
vErevvarE gati,suraTi,http://thyagaraja-vaibhavam.blogspot.com/2008/03/thyagaraja-kriti-verevvare-gati-raga.html
viDa jAladurA,jana ranjani,http://thyagaraja-vaibhavam.blogspot.com/2008/05/thyagaraja-kriti-vida-jaaladura-raga.html
viDamu sEyavE,kharahara priya,http://thyagaraja-vaibhavam.blogspot.com/2007/07/thyagaraja-kriti-videmu-seyavae-raga.html
vidhi SakrAdulaku,yamunA kalyANi,http://thyagaraja-vaibhavam.blogspot.com/2008/10/thyagaraja-kriti-vidhi-sakradulaku-raga.html
vidulaku mrokkeda,mAyA mALava gauLa,http://thyagaraja-vaibhavam.blogspot.com/2007/03/thyagaraja-kriti-vidulaku-mrokkeda-raga.html
vina rAdA,deva gAndhAri,http://thyagaraja-vaibhavam.blogspot.com/2008/05/thyagaraja-kriti-vina-rada-raga-deva.html
vinanAsakoni,pratApa varALi,http://thyagaraja-vaibhavam.blogspot.com/2008/01/thyagaraja-kriti-vinanaasakoni-raga.html
vinatA suta rArA,husEni,http://thyagaraja-vaibhavam.blogspot.com/2007/10/thyagaraja-kriti-vinataa-suta-raaraa.html
vinatA suta vAhana,jayanta sEna,http://thyagaraja-vaibhavam.blogspot.com/2007/08/thyagaraja-kriti-vinataa-suta-vaahana.html
vinatA suta vAhanuDai,hari kAmbhOji,http://thyagaraja-vaibhavam.blogspot.com/2007/11/thyagaraja-kriti-vinataa-suta.html
vinavE O manasA,vivardhani,http://thyagaraja-vaibhavam.blogspot.com/2008/05/thyagaraja-kriti-vinave-o-manasa-raga.html
vinAyakuni,madhyamAvati,http://thyagaraja-vaibhavam.blogspot.com/2007/09/thyagaraja-kriti-vinaayakuni-raga.html
vinayamunanu,saurAshTraM,http://thyagaraja-vaibhavam.blogspot.com/2007/05/thyagaraja-kriti-vinayamunanu-raga.html
virAja turaga,balahamsa,http://thyagaraja-vaibhavam.blogspot.com/2008/01/thyagaraja-kriti-viraaja-thuraga-raga.html
vishNu vAhanuDu,SankarAbharaNaM,http://thyagaraja-vaibhavam.blogspot.com/2008/03/thyagaraja-kriti-vishnu-vahanundidigo.html
yajnAdulu,jaya manOhari,http://thyagaraja-vaibhavam.blogspot.com/2007/08/thyagaraja-kriti-yajnaadulu-raga-jaya.html
yOcanA kamala,darbAr,http://thyagaraja-vaibhavam.blogspot.com/2007/08/thyagaraja-kriti-yochanaa-kamala-raga.html
yuktamu kAdu,SrI rAgaM,http://thyagaraja-vaibhavam.blogspot.com/2007/10/thyagaraja-kriti-yuktamu-kaadu-raga-sri.html
