Composer,Krithi,Raga,Raga_Normalized,Hyperlink
Dikshitar,abhayAmbA jagadambA,kalyANi,kalyani,http://guru-guha.blogspot.com/2007/07/dikshitar-kriti-abhayaambaa-jagadambaa.html
Dikshitar,abhayAmbA nAyaka vara dAyaka,kEdAra gauLa,kedaragaula,http://guru-guha.blogspot.com/2007/07/dikshitar-kriti-abhayaambaa-naayaka.html
Dikshitar,abhayAmbikAyAH anyaM,kEdAra gauLa,kedaragaula,http://guru-guha.blogspot.com/2007/08/dikshitar-kriti-abhayaambikaayaah-anyam.html
Dikshitar,abhirAmIM akhila,bhUshAvati,bhushavati,http://guru-guha.blogspot.com/2007/08/dikshitar-kriti-abhiraameem-akhila-raga.html
Dikshitar,akhilANDESvari raksha mAM,jujAvanti,jujavanti,http://guru-guha.blogspot.com/2007/07/dikshitar-kriti-akhilandesvari-raksha.html
Dikshitar,akshaya linga vibhO,SankarAbharaNaM,sankarabharanam,http://guru-guha.blogspot.com/2007/08/dikshitar-kriti-akshaya-linga-vibho.html
Dikshitar,amba nIlAyatAkshi,nIlAmbari,nilambari,http://guru-guha.blogspot.com/2007/08/dikshitar-kriti-amba-neelaayathaakshi.html
Dikshitar,AnandAmRtAkarshiNi,amRta varshiNi,amrtavarshini,http://guru-guha.blogspot.com/2007/08/dikshitar-kriti-anandaamruta-karshini.html
Dikshitar,ananta bAla kRshNa,ISa manOhari,isamanohari,http://guru-guha.blogspot.com/2007/07/dikshitar-kriti-ananta-bala-krishna.html
Dikshitar,angArakaM ASrayAmyahaM,suraTi,surati,http://guru-guha.blogspot.com/2007/07/dikshitar-kriti-angaarakamaasrayaamyaha.html
Dikshitar,AnjanEyaM,SankarAbharaNaM,sankarabharanam,http://guru-guha.blogspot.com/2007/08/dikshitar-kriti-anjaneyam-raga.html
Dikshitar,annapUrNE viSAlAkshi,sAma,sama,http://guru-guha.blogspot.com/2007/07/dikshitar-kriti-annapoornae.html
Dikshitar,ardha nArISvaraM,kumudakriyA,kumudakriya,http://guru-guha.blogspot.com/2007/08/dikshitar-kriti-ardha-naareesvaram-raga.html
Dikshitar,bAla kucAmbikE,suraTi,surati,http://guru-guha.blogspot.com/2008/02/dikshitar-kriti-bala-kuchambike-raga.html
Dikshitar,bAla subrahmaNyaM,suraTi,surati,http://guru-guha.blogspot.com/2008/02/dikshitar-kriti-bala-subhrahmanyam-raga.html
Dikshitar,bAlAmbikAyAH tava,kEdAra gauLa,kedaragaula,http://guru-guha.blogspot.com/2008/03/dikshitar-kriti-balambikayah-tava-raga.html
Dikshitar,bAlAmbikAyai namastE,nATa kuranji,natakuranji,http://guru-guha.blogspot.com/2008/03/dikshitar-kriti-balambikayai-namaste.html
Dikshitar,bhajarE rE citta,kalyANi,kalyani,http://guru-guha.blogspot.com/2008/03/dikshitar-kriti-bhajarere-chitta.html
Dikshitar,bhakta vatsalaM,vaMSavati,vamsavati,http://guru-guha.blogspot.com/2008/03/dikshitar-kriti-bhakta-vatsalam-raga.html
Dikshitar,bhOgacchAyA,bhOgacchAyAnATa,bhogacchayanata,http://guru-guha.blogspot.com/2008/03/dikshitar-kriti-bhogacchaya-nataka-raga.html
Dikshitar,bhUshA patiM,bhUshAvati,bhushavati,http://guru-guha.blogspot.com/2008/03/dikshitar-kriti-bhusha-pathim-raga.html
Dikshitar,bhUshAvatiM,bhUshAvati,bhushavati,http://guru-guha.blogspot.com/2008/03/dikshitar-kriti-bhushavathim.html
Dikshitar,brahma vidyAmbikE,kalyANi,kalyani,http://guru-guha.blogspot.com/2008/03/dikshitar-kriti-brahma-vidyambike-raga.html
Dikshitar,bRhadISa kaTAkshENa,jIvantikA,jivantika,http://guru-guha.blogspot.com/2008/03/dikshitar-kriti-brhadisa-katakshena.html
Dikshitar,bRhadISvaraM bhaja,nAga dhvani,nagadhvani,http://guru-guha.blogspot.com/2008/03/dikshitar-kriti-brhadisvaram-bhaja-raga.html
Dikshitar,bRhadISvarAya namastE,SankaraAbharaNaM,sankarabharanam,http://guru-guha.blogspot.com/2008/03/dikshitar-kriti-brhadisvaraya-namaste.html
Dikshitar,bRhadISvarIM bhaja,lalita pancamaM,lalitapancamam,http://guru-guha.blogspot.com/2008/03/dikshitar-kriti-brhadisvarim-bhaja-raga.html
Dikshitar,bRhambikAyai,vasanta,vasanta,http://guru-guha.blogspot.com/2008/03/dikshitar-kriti-brhadambikayai-raga.html
Dikshitar,bRhaspatE tArA patE,aThANa,athana,http://guru-guha.blogspot.com/2008/03/dikshitar-kriti-brhaspathe-tharapathe.html
Dikshitar,budhamASrayAmi,nATa kuranji,natakuranji,http://guru-guha.blogspot.com/2008/03/dikshitar-kriti-budhamasrayami-raga.html
Dikshitar,cEtaH SrI bAla kRshNaM,jujAvanti,jujavanti,http://guru-guha.blogspot.com/2007/11/dikshitar-kriti-chetah-sri-bala.html
Dikshitar,chAyAvatIM,chAyAvati,chayavati,http://guru-guha.blogspot.com/2007/11/dikshitar-kriti-chaayaavateem-raga.html
Dikshitar,cidambara naTarAja mUrtiM,tanukIrti,tanukirti,http://guru-guha.blogspot.com/2007/11/dikshitar-kriti-chidambara-nataraja.html
Dikshitar,cintaya citta,SankarAbharaNam,sankarabharanam,http://guru-guha.blogspot.com/2008/11/dikshitar-kriti-chintaya-chitta-raga.html
Dikshitar,cintayE mahA linga,paraju,paraju,http://guru-guha.blogspot.com/2007/11/dikshitar-kriti-chinthayae-mahaalinga.html
Dikshitar,cintayEhaM sadA,SankarAbharaNaM,sankarabharanam,http://guru-guha.blogspot.com/2007/11/dikshitar-kriti-chinthayeham-sadaa-raga.html
Dikshitar,dAkshAyaNi,tODi,todi,http://guru-guha.blogspot.com/2007/12/dikshitar-kriti-daakshaayani-raga-todi.html
Dikshitar,dakshiNA mUrtE,SankarAbharaNaM,sankarabharanam,http://guru-guha.blogspot.com/2007/12/dikshitar-kriti-dakshinaa-moortae-raga.html
Dikshitar,daNDa nAthAya,khamAs,khamas,http://guru-guha.blogspot.com/2007/12/dikshitar-kriti-danda-naathayaa.html
Dikshitar,dASarathE,SankarAbharaNaM,sankarabharanam,http://guru-guha.blogspot.com/2007/12/dikshitar-kriti-daasarathae-raga.html
Dikshitar,dharma samvardhani,madhyamAvati,madhyamavati,http://guru-guha.blogspot.com/2007/12/dikshitar-kriti-dharma-samvardhani-raga.html
Dikshitar,dIna bandhO,SankarAbharaNaM,sankarabharanam,http://guru-guha.blogspot.com/2007/12/dikshitar-kriti-deena-bandho-raga.html
Dikshitar,EkAmra nAthAya,vIra vasantaM,viravasantam,http://guru-guha.blogspot.com/2007/08/dikshitar-kriti-ekaamra-naathaaya-raga.html
Dikshitar,EkAmra nAthESvarENa,caturangiNi,caturangini,http://guru-guha.blogspot.com/2007/08/dikshitar-kriti-ekaamra-naathesvarena.html
Dikshitar,EkAmrESa nAyakIM,cAmaraM,camaram,http://guru-guha.blogspot.com/2007/08/dikshitar-kriti-ekaamresa-naayakeem.html
Dikshitar,gajAdISAdanyaM,nATa kuranji,natakuranji,http://guru-guha.blogspot.com/2007/10/dikshitar-kriti-gajaadheesaadanyam-raga.html
Dikshitar,gajAmbA nAyakO,janjUTi,janjuti,http://guru-guha.blogspot.com/2007/10/dikshitar-kriti-gajaambaa-naayako-raga.html
Dikshitar,gaNa patE mahA matE,kalyANi,kalyani,http://guru-guha.blogspot.com/2007/10/dikshitar-kriti-ganapathae-mahaamathae.html
Dikshitar,gaNESa kumAra,janjUTi,janjuti,http://guru-guha.blogspot.com/2007/10/dikshitar-kriti-ganesa-kumaara-raga.html
Dikshitar,gangE mAM pAhi,janjUTi,janjuti,http://guru-guha.blogspot.com/2007/10/dikshitar-kriti-gangae-mam-pahi-raga.html
Dikshitar,gauri giri rAja,gauri,gauri,http://guru-guha.blogspot.com/2007/11/dikshitar-kriti-gauri-giri-raja-kumaari.html
Dikshitar,girijayA ajayA,SankarAbharaNaM,sankarabharanam,http://guru-guha.blogspot.com/2007/10/dikshitar-kriti-girijayaa-ajayaa-raga.html
Dikshitar,gOkarNESvara,saurAshTraM,saurashtram,http://guru-guha.blogspot.com/2007/10/dikshitar-kriti-gokarnesvara-raga.html
Dikshitar,gOvinda rAjAya,suraTi,surati,http://guru-guha.blogspot.com/2007/11/dikshitar-kriti-govinda-raajaaya-raga.html
Dikshitar,gOvinda rAjEna,mEca bauLi,mecabauli,http://guru-guha.blogspot.com/2007/11/dikshitar-kriti-govinda-raajena-raga.html
Dikshitar,guru guha bhava,caturangiNi,caturangini,http://guru-guha.blogspot.com/2007/10/dikshitar-kriti-guru-guha-bhava.html
Dikshitar,guru guha pada,SankarAbharaNaM,sankarabharanam,http://guru-guha.blogspot.com/2007/10/dikshitar-kriti-guru-guha-pada-pankajam.html
Dikshitar,guru guha sarasija,SankarAbharaNaM,sankarabharanam,http://guru-guha.blogspot.com/2007/10/dikshitar-kriti-guru-guha-sarasija-raga.html
Dikshitar,guru guhAya bhakta,sAma,sama,http://guru-guha.blogspot.com/2007/10/dikshitar-kriti-guru-guhaaya-raga-sama.html
Dikshitar,guru mUrtE bahu,SankarAbharaNaM,sankarabharanam,http://guru-guha.blogspot.com/2007/10/dikshitar-kriti-guru-moorthae-raga.html
Dikshitar,hari hara putraM,vasanta,vasanta,http://guru-guha.blogspot.com/2008/11/dikshitar-kriti-harihara-putram-raga.html
Dikshitar,hari yuvatIM,dESi siMhAravaM,desisimharavam,http://guru-guha.blogspot.com/2008/11/dikshitar-kriti-hari-yuvatim-raga-desi.html
Dikshitar,hE mAyE,SankarAbharaNam,sankarabharanam,http://guru-guha.blogspot.com/2008/11/dikshitar-kriti-hey-maye-raga.html
Dikshitar,hErambAya,aThANa,athana,http://guru-guha.blogspot.com/2008/11/dikshitar-kriti-herambaaya-raga-athana.html
Dikshitar,hima giri kumAri ISa Priya,amRta varshiNi,amrtavarshini,http://guru-guha.blogspot.com/2008/11/dikshitar-kriti-himagiri-kumari.html
Dikshitar,jagadISa guru guha,SankarAbharaNaM,sankarabharanam,http://guru-guha.blogspot.com/2007/11/dikshitar-kriti-jagadeesa-guru-guha.html
Dikshitar,jagadISa manOhari,ISa manOhari,isamanohari,http://guru-guha.blogspot.com/2007/11/dikshitar-kriti-jagadeesa-manohari-raga.html
Dikshitar,jnAna prasUnAmbikE,kalyANi,kalyani,http://guru-guha.blogspot.com/2007/11/dikshitar-kriti-jnaanaprasoonaambikae.html
Dikshitar,jnAnAmbikE,sAnAgraNi,sanagrani,http://guru-guha.blogspot.com/2007/11/dikshitar-kriti-jnaanaambikae-raga.html
Dikshitar,kAma kOTi pITha,saugandhini,saugandhini,http://guru-guha.blogspot.com/2007/09/dikshitar-kriti-kama-koti-peetha.html
Dikshitar,kAmAkshi kAma kOTi,sumadyuti,sumadyuti,http://guru-guha.blogspot.com/2007/09/dikshitar-kriti-kamakshi-kama-koti-raga.html
Dikshitar,kAmAkshi mAM pAhi,Suddha dESi,suddhadesi,http://guru-guha.blogspot.com/2007/09/dikshitar-kriti-kamakshi-mam-pahi-raga.html
Dikshitar,kAmAkshIM kalyANIM,kalyANi,kalyani,http://guru-guha.blogspot.com/2007/09/dikshitar-kriti-kamaksheem-kalyaneem.html
Dikshitar,kamalAmbAM bhajarE,kalyANi,kalyani,http://guru-guha.blogspot.com/2007/09/dikshitar-kriti-kamalaambaam-bhajarae.html
Dikshitar,kamalAmbikE ASrita,tODi,todi,http://guru-guha.blogspot.com/2007/09/dikshitar-kriti-kamalaambikae-asrita.html
Dikshitar,kamalAsana vandita,SankarAbharaNaM,sankarabharanam,http://guru-guha.blogspot.com/2007/09/dikshitar-kriti-kamalaasana-vandita.html
Dikshitar,kAmESvarENa,SrI rAgaM,ragam,http://guru-guha.blogspot.com/2007/09/dikshitar-kriti-kaamesvarena-raga-sri.html
Dikshitar,kanaka sabhA patiM,mALava SrI,malava,http://guru-guha.blogspot.com/2007/08/dikshitar-kriti-kanaka-sabhaa-pathim.html
Dikshitar,kAncISaM,SankarAbharaNaM,sankarabharanam,http://guru-guha.blogspot.com/2007/09/dikshitar-kriti-kancheesam-raga.html
Dikshitar,kaumAri gauri,gauri vAlAvali,gaurivalavali,http://guru-guha.blogspot.com/2007/10/dikshitar-kriti-kaumaari-gauri-raga.html
Dikshitar,kAyArOhaNESaM,dEva gAndhAraM,devagandharam,http://guru-guha.blogspot.com/2007/09/dikshitar-kriti-kaayaarohanesam-raga.html
Dikshitar,kRshNAnanda,gauLipantu,gaulipantu,http://guru-guha.blogspot.com/2007/10/dikshitar-kriti-krishnaananda-mukunda.html
Dikshitar,kumbhESvarAya namastE,kalyANi,kalyani,http://guru-guha.blogspot.com/2007/09/dikshitar-kriti-kumbhesvaraaya-namastae.html
Dikshitar,kumbhESvarENa,kalyANi,kalyani,http://guru-guha.blogspot.com/2007/10/dikshitar-kriti-kumbhesvarena-raga.html
Dikshitar,lalitA paramESvari,suraTi,surati,http://guru-guha.blogspot.com/2008/05/dikshitar-kriti-lalita-paramesvari-raga.html
Dikshitar,mAdhavO mAM pAtu,rAga mAlikA,ragamalika,http://guru-guha.blogspot.com/2008/04/dikshitar-kriti-madhavo-mampatu-dasa.html
Dikshitar,madhurAmbA jayati,paraju,paraju,http://guru-guha.blogspot.com/2008/03/dikshitar-kriti-madhuramba-jayati-raga.html
Dikshitar,madhurAmbAM bhaja,stava rAjaM,stavarajam,http://guru-guha.blogspot.com/2008/03/dikshitar-kriti-madhurambam-bhajare.html
Dikshitar,madhurAmbikAyAM,dESi siMhAravaM,desisimharavam,http://guru-guha.blogspot.com/2008/04/dikshitar-kriti-madhurambikayam-raga.html
Dikshitar,mahA gaNa patE,naTa nArAyaNi,natanarayani,http://guru-guha.blogspot.com/2008/04/dikshitar-kriti-maha-ganapate-raga-nata.html
Dikshitar,mahA gaNa patiM manasA,nATa,nata,http://guru-guha.blogspot.com/2008/04/dikshitar-kriti-maha-ganapatim-manasa.html
Dikshitar,mahA gaNa patiM vandE,tODi,todi,http://guru-guha.blogspot.com/2008/04/dikshitar-kriti-maha-ganapatim-vande.html
Dikshitar,mahA lingESvaraM,paraju,paraju,http://guru-guha.blogspot.com/2008/04/dikshitar-kriti-mahalingesvaram-raga.html
Dikshitar,mahA lingESvarAya,aThANa,athana,http://guru-guha.blogspot.com/2008/04/dikshitar-kriti-mahalingesvaraya-athana.html
Dikshitar,mahA suraM kEtuM,cAmaraM,camaram,http://guru-guha.blogspot.com/2008/04/dikshitar-kriti-mahasuram-ketum-raga.html
Dikshitar,mahA tripura sundari,madhyamAvati,madhyamavati,http://guru-guha.blogspot.com/2008/04/dikshitar-kriti-maha-tripura-sundari.html
Dikshitar,mahishAsura mardini,gauLa,gaula,http://guru-guha.blogspot.com/2008/04/dikshitar-kriti-mahishasura-mardini.html
Dikshitar,mangaLaM jaya,vasanta,vasanta,http://guru-guha.blogspot.com/2008/03/dikshitar-kriti-mangalam-jaya-mangalam.html
Dikshitar,mangaLAmbAyai,mALava SrI,malava,http://guru-guha.blogspot.com/2008/03/dikshitar-kriti-mangalambayai-raga.html
Dikshitar,mAra rati priyaM,rati priya,ratipriya,http://guru-guha.blogspot.com/2008/04/dikshitar-kriti-maara-rati-priyam-raga.html
Dikshitar,marakata lingaM,vasanta,vasanta,http://guru-guha.blogspot.com/2008/04/dikshitar-kriti-marakata-lingam-raga.html
Dikshitar,mArga sahAyESvaraM,kASi rAmakriya,kasiramakriya,http://guru-guha.blogspot.com/2008/04/dikshitar-kriti-marga-sahayesvaram-raga.html
Dikshitar,mAtangi marakatAngi,dhauta pancamaM,dhautapancamam,http://guru-guha.blogspot.com/2008/04/dikshitar-kriti-matangi-marakatangi.html
Dikshitar,matsyAvatAra,binna pancamaM,binnapancamam,http://guru-guha.blogspot.com/2008/03/dikshitar-kriti-matsyavatara-raga.html
Dikshitar,mAyE citkalE,SankarAbharaNaM,sankarabharanam,http://guru-guha.blogspot.com/2008/04/dikshitar-kriti-maye-chitkale-raga.html
Dikshitar,mucukunda varada,SankarAbharaNaM,sankarabharanam,http://guru-guha.blogspot.com/2008/05/dikshitar-kriti-muchukunda-varada-raga.html
Dikshitar,nAga lingaM bhajEhaM,SankarAbharaNaM,sankarabharanam,http://guru-guha.blogspot.com/2007/12/dikshitar-kriti-naaga-lingam-bhajeham.html
Dikshitar,namO namastE gIrvANi,gIrvANi,girvani,http://guru-guha.blogspot.com/2007/12/dikshitar-kriti-namo-namastae-girvani.html
Dikshitar,nara harim,jaya Suddha mALavi,jayasuddhamalavi,http://guru-guha.blogspot.com/2007/12/dikshitar-kriti-nara-harim-aasrayaami.html
Dikshitar,narmadA kAvEri,nAma dESi,namadesi,http://guru-guha.blogspot.com/2007/12/dikshitar-kriti-narmadaa-kaaveri-raga.html
Dikshitar,nava ratna vilAsa,nava ratna vilAsaM,navaratnavilasam,http://guru-guha.blogspot.com/2007/12/dikshitar-kriti-nava-ratna-vilaasa-raga.html
Dikshitar,nIla kaNTa mahA dEva,vasanta,vasanta,http://guru-guha.blogspot.com/2007/12/dikshitar-kriti-neela-kantha-mahadeva.html
Dikshitar,nIla kaNThaM bhajEhaM,kEdAra gauLa,kedaragaula,http://guru-guha.blogspot.com/2008/01/dikshitar-kriti-neela-kantham-bhajeham.html
Dikshitar,nIla kaNThAya namO,nAda rAmakriya,nadaramakriya,http://guru-guha.blogspot.com/2008/01/dikshitar-kriti-neela-kanthaaya-namo.html
Dikshitar,nIlAcala nAthaM,sumadyuti,sumadyuti,http://guru-guha.blogspot.com/2008/01/dikshitar-kriti-neelaachala-naatham.html
Dikshitar,nIlAngaM hariM,nIlAmbari,nilambari,http://guru-guha.blogspot.com/2008/01/dikshitar-kriti-neelaangam-harim-raga.html
Dikshitar,nIlOtpalAmbA jayati,nArAyaNa gauLa,narayanagaula,http://guru-guha.blogspot.com/2008/01/dikshitar-kriti-neelotpalaambaa-jayathi.html
Dikshitar,nIlOtpalAmbAM bhajarE,nArI rItigauLa,nariritigaula,http://guru-guha.blogspot.com/2008/01/dikshitar-kriti-neelotpalaambaam.html
Dikshitar,nIlOtpalAmbikayA nirvANa,kannaDa gauLa,kannadagaula,http://guru-guha.blogspot.com/2008/01/dikshitar-kriti-neelotpalaambikayaa.html
Dikshitar,nIlOtpalAmbikAyAH paraM,gauLa,gaula,http://guru-guha.blogspot.com/2008/01/dikshitar-kriti-neelotpalaambikaayaah.html
Dikshitar,nIlOtpalAmbikAyai namastE,kEdAra gauLa,kedaragaula,http://guru-guha.blogspot.com/2008/01/dikshitar-kriti-neelotpalaambikaayai.html
Dikshitar,nIlOtpalAmbikAyAM bhaktiM,pUrva gauLa,purvagaula,http://guru-guha.blogspot.com/2008/01/dikshitar-kriti-neelotpalaambikaayaam.html
Dikshitar,nIlOtpalAmbikAyAstava,mAyA mALava gauLa,mayamalavagaula,http://guru-guha.blogspot.com/2008/01/dikshitar-kriti-neelotpalaambikaayaasta.html
Dikshitar,nIlOtpalAmbikE nitya,chAyA gauLa,chayagaula,http://guru-guha.blogspot.com/2008/01/dikshitar-kriti-neelotpalaambikae-nitya.html
Dikshitar,nishadhAdi,nishada,nishada,http://guru-guha.blogspot.com/2007/12/dikshitar-kriti-nishadhaadi-raga.html
Dikshitar,pAhi durgE,SankarAbharaNaM,sankarabharanam,http://guru-guha.blogspot.com/2008/02/dikshitar-kriti-paahi-durge-raga.html
Dikshitar,pAhi mAM janakI vallabha,SankarAbharaNaM,sankarabharanam,http://guru-guha.blogspot.com/2008/02/dikshitar-kriti-paahi-mam-janaki.html
Dikshitar,pAlaya mAM bRhadISvari,tODi,todi,http://guru-guha.blogspot.com/2008/02/dikshitar-kriti-paalaya-mam_14.html
Dikshitar,pAmara jana pAlini,sumadyuti,sumadyuti,http://guru-guha.blogspot.com/2008/02/dikshitar-kriti-paamara-jana-paalini.html
Dikshitar,panca bhUta kiraNAvaLIM,kiraNAvaLi,kiranavali,http://guru-guha.blogspot.com/2008/01/dikshitar-kriti-pancha-bhootha.html
Dikshitar,pancASatpITha rUpiNi,dEva gAndhAraM,devagandharam,http://guru-guha.blogspot.com/2008/01/dikshitar-kriti-panchaasat-peetha.html
Dikshitar,pankaja mukha,SankaraAbharaNaM,sankarabharanam,http://guru-guha.blogspot.com/2008/01/dikshitar-kriti-pankaja-mukha-raga.html
Dikshitar,pannaga Sayana,madhyamAvati,madhyamavati,http://guru-guha.blogspot.com/2008/01/dikshitar-kriti-pannaga-sayana-raga.html
Dikshitar,para dEvatE bhakta pUjitE,huSani,husani,http://guru-guha.blogspot.com/2008/01/dikshitar-kriti-para-devatae-bhakta.html
Dikshitar,para dEvatE bhava,SankarAbharaNaM,sankarabharanam,http://guru-guha.blogspot.com/2008/01/dikshitar-kriti-para-devatae-bhava-raga.html
Dikshitar,parA Sakti ISvari,gauri vElAvali,gaurivelavali,http://guru-guha.blogspot.com/2008/01/dikshitar-kriti-paraa-sakti-isvari-raga.html
Dikshitar,paramESvara jagadISvara,cala nATa,calanata,http://guru-guha.blogspot.com/2008/01/dikshitar-kriti-paramesvara.html
Dikshitar,paramESvarEna,pUrva varALi,purvavarali,http://guru-guha.blogspot.com/2008/01/dikshitar-kriti-paramesvarena-raga.html
Dikshitar,parandhAmavatI,dhAmavati,dhamavati,http://guru-guha.blogspot.com/2008/01/dikshitar-kriti-parandhaamavathi-raga.html
Dikshitar,paranjyOtishmatI,jyOti,jyoti,http://guru-guha.blogspot.com/2008/01/dikshitar-kriti-paranjyotishmati.html
Dikshitar,parimaLa ranga nAthaM1,hamIrkalyANi,hamirkalyani,http://guru-guha.blogspot.com/2008/01/dikshitar-kriti-parimala-ranganatham-1.html
Dikshitar,parimaLa ranga nAthaM2,hamIrkalyANi,hamirkalyani,http://guru-guha.blogspot.com/2008/01/dikshitar-kriti-parimala-ranganatham2.html
Dikshitar,parvata vardhani,sAma,sama,http://guru-guha.blogspot.com/2008/02/dikshitar-kriti-parvatha-vardhani-raga.html
Dikshitar,pArvatI kumAraM,nATa kuranji,natakuranji,http://guru-guha.blogspot.com/2008/02/dikshitar-kriti-parvathi-kumaram-raga.html
Dikshitar,pArvatI patE,SankarAbharaNaM,sankarabharanam,http://guru-guha.blogspot.com/2008/02/dikshitar-kriti-paarvathi-pathae-raga.html
Dikshitar,pArvatI patiM,haMsa dhvani,hamsadhvani,http://guru-guha.blogspot.com/2008/02/dikshitar-kriti-parvathi-pathim-raga.html
Dikshitar,pArvatISvarENa,bhUshAvati,bhushavati,http://guru-guha.blogspot.com/2008/02/dikshitar-kriti-paarvatheesvarena-raga.html
Dikshitar,paSupatISvaraM,Siva pantuvarALi,sivapantuvarali,http://guru-guha.blogspot.com/2008/02/dikshitar-kriti-pasupatheesvaram-raga.html
Dikshitar,pavanAtmajAgaccha,cala nATa,calanata,http://guru-guha.blogspot.com/2008/02/dikshitar-kriti-pavanaatmaja-agaccha.html
Dikshitar,pavanAtmajaM,SankarAbharaNaM,sankarabharanam,http://guru-guha.blogspot.com/2008/02/dikshitar-kriti-pavanaatmajam-raga.html
Dikshitar,pIta varNaM,SankarAbharaNaM,sankarabharanam,http://guru-guha.blogspot.com/2008/02/dikshitar-kriti-peetha-varnam-raga.html
Dikshitar,prasanna vEnkaTESvaraM,vATI vasanta bhairavi,vativasantabhairavi,http://guru-guha.blogspot.com/2008/02/dikshitar-kriti-prasanna-venkatesvaram.html
Dikshitar,pratyangirA,nAda rAmakriya,nadaramakriya,http://guru-guha.blogspot.com/2008/02/dikshitar-kriti-pratyingiraa-bhagavatim.html
Dikshitar,pura hara nandana,hamIr kalyANi,hamirkalyani,http://guru-guha.blogspot.com/2008/02/dikshitar-kriti-pura-hara-nandana-raga.html
Dikshitar,pUrNa candra bimba,rAga mAlikA,ragamalika,http://guru-guha.blogspot.com/2008/02/dikshitar-kriti-poorna-chandra-bimba.html
Dikshitar,rAjIva lOcanaM,SankarAbharaNaM,sankarabharanam,http://guru-guha.blogspot.com/2008/05/dikshitar-kriti-rajeeva-lochanam-ragam.html
Dikshitar,rAma candraM bhAvayAMi,vasanta,vasanta,http://guru-guha.blogspot.com/2008/05/dikshitar-kriti-ramachandram-bhavayami.html
Dikshitar,rAma candraM rAjIvAkshaM,SankarAbharaNaM,sankarabharanam,http://guru-guha.blogspot.com/2008/05/dikshitar-kriti-ramachandram.html
Dikshitar,rAma candrasya dAsOhaM,dhAmavati,dhamavati,http://guru-guha.blogspot.com/2008/05/dikshitar-kriti-ramachandrasya-dasoham.html
Dikshitar,rAma candrAya namastE,tODi,todi,http://guru-guha.blogspot.com/2008/05/dikshitar-kriti-ramachandraya-namaste.html
Dikshitar,rAma janArdana,SankarAbharaNaM,sankarabharanam,http://guru-guha.blogspot.com/2008/05/dikshitar-kriti-rama-janardana-raga.html
Dikshitar,rAma nAthaM bhajEhaM,kASi rAmakriya,kasiramakriya,http://guru-guha.blogspot.com/2008/05/dikshitar-kriti-ramanatham-bhajeham.html
Dikshitar,rAmE bharata,jyOti,jyoti,http://guru-guha.blogspot.com/2008/05/dikshitar-kriti-rame-bharatha-palita.html
Dikshitar,ranga pura vihAra,bRndAvana sAranga,brndavanasaranga,http://guru-guha.blogspot.com/2008/05/dikshitar-kriti-rangapura-vihara-raga.html
Dikshitar,sadAcalESvaraM,bhUpALaM,bhupalam,http://guru-guha.blogspot.com/2008/09/dikshitar-kriti-sadaachalesvaram-raga.html
Dikshitar,sadASiva jAyE,SankarAbharaNaM,sankarabharanam,http://guru-guha.blogspot.com/2008/09/dikshitar-kriti-sadasiva-jaaye-raga.html
Dikshitar,sadASivaM upAsmahE,SankarAbharaNaM,sankarabharanam,http://guru-guha.blogspot.com/2008/09/dikshitar-kriti-sadasivam-upasmahe-raga.html
Dikshitar,sadASrayE abhayAmbikE,cAmaraM,camaram,http://guru-guha.blogspot.com/2008/09/dikshitar-kriti-sadaasraye-abhayambike.html
Dikshitar,sAdhu jana citta,pUrNa pancamaM,purnapancamam,http://guru-guha.blogspot.com/2008/10/dikshitar-kriti-saadhu-jana-chitta-raga.html
Dikshitar,sAdhu jana vinutiM,gIta priyA,gitapriya,http://guru-guha.blogspot.com/2008/10/dikshitar-kriti-saadhu-jana-vinutam.html
Dikshitar,Saila rAja kumAri,Saila dESAkshi,sailadesakshi,http://guru-guha.blogspot.com/2008/07/dikshitar-kriti-saila-raja-kumari-raga.html
Dikshitar,SailESvaraM,sumadyuti,sumadyuti,http://guru-guha.blogspot.com/2008/07/dikshitar-kriti-sailesvaram-bhajare.html
Dikshitar,sakala sura vinuta,SankarAbharaNaM,sankarabharanam,http://guru-guha.blogspot.com/2008/09/dikshitar-kriti-sakala-sura-vinuta-raga.html
Dikshitar,Sakti sahita,SankarAbharaNaM,sankarabharanam,http://guru-guha.blogspot.com/2008/06/dikshitar-kriti-sakti-sahita-raga.html
Dikshitar,sAma gAna priyE,SankarAbharaNaM,sankarabharanam,http://guru-guha.blogspot.com/2008/10/dikshitar-kriti-sama-gana-priye-raga.html
Dikshitar,Sankara nArAyaNaM,nArAyaNa dESAkshi,narayanadesakshi,http://guru-guha.blogspot.com/2008/06/dikshitar-kriti-sankara-narayanam-raga.html
Dikshitar,Sankara vara,SankarAbharaNaM,sankarabharanam,http://guru-guha.blogspot.com/2008/06/dikshitar-kriti-sankara-vara.html
Dikshitar,Sankha cakra gadA,pUrNa candrika,purnacandrika,http://guru-guha.blogspot.com/2008/06/dikshitar-kriti-shankha-chakra-gada.html
Dikshitar,santAna gOpAla kRshNaM,khamAs,khamas,http://guru-guha.blogspot.com/2008/09/dikshitar-kriti-santana-gopalakrishnam.html
Dikshitar,santAna manjari,santAna manjari,santanamanjari,http://guru-guha.blogspot.com/2008/09/dikshitar-kriti-santana-manjari-raga.html
Dikshitar,santAna rAma svAminaM,hindOla vasantaM,hindolavasantam,http://guru-guha.blogspot.com/2008/10/dikshitar-kriti-santana-ramasvaminam.html
Dikshitar,santAna saubhAgya,SankarAbharaNaM,sankarabharanam,http://guru-guha.blogspot.com/2008/10/dikshitar-kriti-santana-saubhagya-raga.html
Dikshitar,santataM gOvinda rAjaM,SankarAbharaNaM,sankarabharanam,http://guru-guha.blogspot.com/2008/09/dikshitar-kriti-santatam-govindarajam.html
Dikshitar,santataM pAhi mAM,SankarAbharaNaM,sankarabharanam,http://guru-guha.blogspot.com/2008/09/dikshitar-kriti-santatam-pahimam-raga.html
Dikshitar,sArasa daLa nayana,khamAs,khamas,http://guru-guha.blogspot.com/2008/10/dikshitar-kriti-sarasa-dala-nayana-raga.html
Dikshitar,sarasa sauvIra,sauvIraM,sauviram,http://guru-guha.blogspot.com/2008/10/dikshitar-kriti-sarasa-sauveera-raga.html
Dikshitar,sarasvati manOhari,sarasvati manOhari,sarasvatimanohari,http://guru-guha.blogspot.com/2008/10/dikshitar-kriti-sarasvati-manohari-raga.html
Dikshitar,sarasvatyA bhagavatyA,chAyA gauLa,chayagaula,http://guru-guha.blogspot.com/2008/10/dikshitar-kriti-sarasvatya-bhagavatya.html
Dikshitar,SarAvatI taTa,SarAvatI,saravati,http://guru-guha.blogspot.com/2008/06/dikshitar-kriti-saraavathi-thata-raga.html
Dikshitar,saundara rAjaM,bRndAvani,brndavani,http://guru-guha.blogspot.com/2008/10/dikshitar-kriti-saundararajam-raga.html
Dikshitar,saura sEnESaM,saura sEna,saurasena,http://guru-guha.blogspot.com/2008/10/dikshitar-kriti-saura-senesam-raga.html
Dikshitar,Sauri vidhi nutE,SankarAbharaNaM,sankarabharanam,http://guru-guha.blogspot.com/2008/07/dikshitar-kriti-sauri-vidhi-vinute-raga.html
Dikshitar,sEnA patE,kASi rAmakriyA,kasiramakriya,http://guru-guha.blogspot.com/2008/10/dikshitar-kriti-sena-pate-raga-kasi.html
Dikshitar,shaDAnanE,khamAs,khamas,http://guru-guha.blogspot.com/2008/09/dikshitar-kriti-shadaanane-raga-khamas.html
Dikshitar,siddhi vinAyakaM,cAmaraM,camaram,http://guru-guha.blogspot.com/2008/10/dikshitar-kriti-siddhi-vinayakam-raga.html
Dikshitar,siddhISvarAya,nIlAmbari,nilambari,http://guru-guha.blogspot.com/2008/10/dikshitar-kriti-siddheesvaraya-raga.html
Dikshitar,siMhAsana sthitE,rAga mAlikA,ragamalika,http://guru-guha.blogspot.com/2008/10/dikshitar-kriti-simhasana-sthite-raga.html
Dikshitar,Siva kAmESvarIM,kalyANi,kalyani,http://guru-guha.blogspot.com/2008/07/dikshitar-kriti-siva-kamesvareem-raga.html
Dikshitar,Siva kAMI patiM,nATa kuranji,natakuranji,http://guru-guha.blogspot.com/2008/07/dikshitar-kriti-sivakami-pathim-raga.html
Dikshitar,sOma sundarESvaraM,Suddha vasataM,suddhavasatam,http://guru-guha.blogspot.com/2008/10/dikshitar-kriti-soma-sundaresvaram-raga.html
Dikshitar,sOmAskandaM,SankarAbharaNaM,sankarabharanam,http://guru-guha.blogspot.com/2008/10/dikshitar-kriti-somaskandam-raga.html
Dikshitar,SrI abhayAmbA,SrI rAgaM,ragam,http://guru-guha.blogspot.com/2008/07/dikshitar-kriti-sri-abhayamba-raga-sri.html
Dikshitar,SrI bhArgavi,mangaLa kaiSiki,mangalakaisiki,http://guru-guha.blogspot.com/2008/08/dikshitar-kriti-sri-bhargavi-raga.html
Dikshitar,SrI dakshiNA mUrtiM sadA,aThANa,athana,http://guru-guha.blogspot.com/2008/07/dikshitar-kriti-sri-dakshina-moorthim_29.html
Dikshitar,SrI dakshiNA mUrtISaM,phEnadyuti,phenadyuti,http://guru-guha.blogspot.com/2008/07/dikshitar-kriti-sri-dakshina-moorthim.html
Dikshitar,SrI gaNa nAthaM,ISa manOhari,isamanohari,http://guru-guha.blogspot.com/2008/07/dikshitar-kriti-sri-gana-natham-raga.html
Dikshitar,SrI gaNESAtparaM,Ardra dESi,ardradesi,http://guru-guha.blogspot.com/2008/07/dikshitar-kriti-sri-ganesatparam-raga.html
Dikshitar,SrI guru guha mUrtE,udaya ravicandrika,udayaravicandrika,http://guru-guha.blogspot.com/2008/07/dikshitar-kriti-sri-guruguha-moorte.html
Dikshitar,SrI guru guhasya,pUrvi,purvi,http://guru-guha.blogspot.com/2008/07/dikshitar-kriti-sri-guruguhasya-raga.html
Dikshitar,SrI kALahastISa,huSani,husani,http://guru-guha.blogspot.com/2008/07/dikshitar-kriti-kalhasteesa-raga-huseni.html
Dikshitar,SrI kamalAmbikayA kaTAkshitOhaM,SankarAbharaNaM,sankarabharanam,http://guru-guha.blogspot.com/2007/09/dikshitar-kriti-sri-kamalaambikayaa.html
Dikshitar,SrI kamalAmbikE SivE,SrI rAgaM,ragam,http://guru-guha.blogspot.com/2007/09/dikshitar-kriti-sri-kamalaambikae-sivae.html
Dikshitar,SrI kAntimatIM,dESi siMhAravaM,desisimharavam,http://guru-guha.blogspot.com/2008/07/dikshitar-kriti-sri-kantimateem-raga.html
Dikshitar,SrI kRshNaM bhaja mAnasa,tODi,todi,http://guru-guha.blogspot.com/2008/07/dikshitar-kriti-sri-krishnam-bhaja.html
Dikshitar,SrI madhurAmbikayA,aThANa,athana,http://guru-guha.blogspot.com/2008/08/dikshitar-kriti-sri-madhurambikaya-raga.html
Dikshitar,SrI madhurAmbikE,kalyANi,kalyani,http://guru-guha.blogspot.com/2008/08/dikshitar-kriti-sri-madhurambike-raga.html
Dikshitar,SrI mahA gaNa patiravatu,gauLa,gaula,http://guru-guha.blogspot.com/2008/08/dikshitar-kriti-sri-maha-ganapatiravatu.html
Dikshitar,SrI mangaLAmbikE,kalyANi,kalyani,http://guru-guha.blogspot.com/2008/08/dikshitar-kriti-sri-mangalambike-raga.html
Dikshitar,SrI mInAkshi gauri,gauri,gauri,http://guru-guha.blogspot.com/2008/08/dikshitar-kriti-sri-meenakshi-gauri.html
Dikshitar,SrI mUlAdhAra cakra,SrI rAgaM,ragam,http://guru-guha.blogspot.com/2008/08/dikshitar-kriti-sri-mooladhara-chakra.html
Dikshitar,SrI nAthAdi guru guhO,mAyA mALavagauLa,mayamalavagaula,http://guru-guha.blogspot.com/2008/08/dikshitar-kriti-sri-nathadi-guruguho.html
Dikshitar,SrI nIlOtpala nAyikE,nArI rItigauLa,nariritigaula,http://guru-guha.blogspot.com/2008/08/dikshitar-kriti-sri-neelotpala-nayike.html
Dikshitar,SrI pArvatI paramESvarau,bauLi,bauli,http://guru-guha.blogspot.com/2008/08/dikshitar-kriti-sri-parvathi.html
Dikshitar,SrI rAja rAjESvari,pUrNa candrika,purnacandrika,http://guru-guha.blogspot.com/2008/08/dikshitar-kriti-sri-rajarajesvari-raga.html
Dikshitar,SrI rAja rAjESvarIM,madhyamAvati,madhyamavati,http://guru-guha.blogspot.com/2008/08/dikshitar-kriti-sri-rajarajesvarim-raga.html
Dikshitar,SrI rAmaM ravi kula,nArAyaNa gauLa,narayanagaula,http://guru-guha.blogspot.com/2008/08/dikshitar-kriti-sri-ramam-ravikula-raga.html
Dikshitar,SrI satya nArAyaNaM,Siva pantuvarALi,sivapantuvarali,http://guru-guha.blogspot.com/2008/09/dikshitar-kriti-sri-satyanarayanam-raga.html
Dikshitar,SrI subrahmaNyO mAM,tODi,todi,http://guru-guha.blogspot.com/2008/09/dikshitar-kriti-sri-subrahmanyo-mam.html
Dikshitar,SrI sugandhi kuntaLAmbikE,kuntaLaM,kuntalam,http://guru-guha.blogspot.com/2008/09/dikshitar-kriti-sri-sugandhi.html
Dikshitar,SrI Sukra bhagavantaM,paraju,paraju,http://guru-guha.blogspot.com/2008/09/dikshitar-kriti-sri-sukra-bhagavantam.html
Dikshitar,SrI SUlinIM,Saila dESAkshi,sailadesakshi,http://guru-guha.blogspot.com/2008/09/dikshitar-kriti-sri-soolinim-raga-saila.html
Dikshitar,SrI sundara rAjaM,kASi rAmakriya,kasiramakriya,http://guru-guha.blogspot.com/2008/09/dikshitar-kriti-sri-sundararajam-raga.html
Dikshitar,SrI svAmi nAthAyA,khamAs,khamas,http://guru-guha.blogspot.com/2008/09/dikshitar-kriti-sri-svaminathaya-raga.html
Dikshitar,SrI vaidya nAthaM,aThANa,athana,http://guru-guha.blogspot.com/2008/09/dikshitar-kriti-sri-vaidyanatham-raga.html
Dikshitar,SrI vAncha nAthaM,suraTi,surati,http://guru-guha.blogspot.com/2008/08/dikshitar-kriti-sri-vanchanatham-raga.html
Dikshitar,SrI vara lakshmi,SrI rAgaM,ragam,http://guru-guha.blogspot.com/2007/09/dikshitar-kriti-sri-vara-lakshmi-sri.html
Dikshitar,SrI vEnkaTa girISaM,suraTi,surati,http://guru-guha.blogspot.com/2008/09/dikshitar-kriti-sri-venkata-gireesam.html
Dikshitar,SrI vENu gOpAla,kuranji,kuranji,http://guru-guha.blogspot.com/2008/09/dikshitar-kriti-sri-venugopala-sri.html
Dikshitar,SrI vENu gOpAlaM bhaja,SankarAbharaNaM,sankarabharanam,http://guru-guha.blogspot.com/2008/09/dikshitar-kriti-sri-venugopalam-bhaja.html
Dikshitar,SrI vidyA rAja gOpAlaM,jaganmOhanaM,jaganmohanam,http://guru-guha.blogspot.com/2008/08/dikshitar-kriti-sri-vidya-rajagopalam.html
Dikshitar,SrI viSva nAthaM bhajEhaM,rAga mAlikA,ragamalika,http://guru-guha.blogspot.com/2008/08/dikshitar-kriti-sri-visvanatham.html
Dikshitar,stava rAjAdi,stava rAjaM,stavarajam,http://guru-guha.blogspot.com/2008/10/dikshitar-kriti-stava-rajadi-raga-stava.html
Dikshitar,subrahmaNyaM,SankarAbharaNaM,sankarabharanam,http://guru-guha.blogspot.com/2008/10/dikshitar-kriti-subrahmanyam-raga.html
Dikshitar,sundarESvarAya,SankarAbharaNaM,sankarabharanam,http://guru-guha.blogspot.com/2008/10/dikshitar-kriti-sundaresvaraya-raga.html
Dikshitar,sUrya mUrtE,saurAshTraM,saurashtram,http://guru-guha.blogspot.com/2008/10/dikshitar-kriti-soorya-moorte-raga.html
Dikshitar,svAmi nAtha,cala nATa,calanata,http://guru-guha.blogspot.com/2008/11/dikshitar-kriti-svaminatha.html
Dikshitar,svAmi nAthEna,bRndAvani,brndavani,http://guru-guha.blogspot.com/2008/11/dikshitar-kriti-svaminathena-raga.html
Dikshitar,SvEta gaNa patiM,rAga cUDAmaNi,ragacudamani,http://guru-guha.blogspot.com/2008/09/dikshitar-kriti-sveta-ganapatim-raga.html
Dikshitar,SyAmaLAngi,SyAmaLaM,syamalam,http://guru-guha.blogspot.com/2008/07/dikshitar-kriti-syamalangi-raga.html
Dikshitar,SyAmaLE mInAkshi,SankarAbharaNaM,sankarabharanam,http://guru-guha.blogspot.com/2008/07/dikshitar-kriti-syamale-meenakshi.html
Dikshitar,tArakESvara,SankarAbharaNaM,sankarabharanam,http://guru-guha.blogspot.com/2007/11/dikshitar-kriti-thaarakesvara-raga.html
Dikshitar,tripura sundari Sankari,sAma,sama,http://guru-guha.blogspot.com/2007/12/dikshitar-kriti-tripura-sundari-sankari.html
Dikshitar,tyAgarAja mahadhvaja,SrI rAgaM,ragam,http://guru-guha.blogspot.com/2007/11/dikshitar-kriti-thyagaraja.html
Dikshitar,tyAgarAja pAlayASu,gauLa,gaula,http://guru-guha.blogspot.com/2007/11/dikshitar-kriti-thyagaraja-paalayaasu.html
Dikshitar,tyAgarAjaM bhajEhaM,nIlAmbari,nilambari,http://guru-guha.blogspot.com/2007/12/dikshitar-kriti-thyagaraja-bhajeham.html
Dikshitar,tyAgarAjO virAjatE,aThANa,athana,http://guru-guha.blogspot.com/2007/12/dikshitar-kriti-thyagarajo-viraajatae.html
Dikshitar,ucchishTa gaNapatau,kASi rAmakriya,kasiramakriya,http://guru-guha.blogspot.com/2007/08/dikshitar-kriti-ucchishta-ganapatau.html
Dikshitar,vAgdEvi mAmava,SankarAbharaNaM,sankarabharanam,http://guru-guha.blogspot.com/2008/06/dikshitar-kriti-vagdevi-mamava-raga.html
Dikshitar,vAmAnka sthitayA,aThANa,athana,http://guru-guha.blogspot.com/2008/06/dikshitar-kriti-vamanka-sthitaya-raga.html
Dikshitar,vaMSavati,vaMSavati,vamsavati,http://guru-guha.blogspot.com/2008/06/dikshitar-kriti-vamsavathi-siva-yuvathi.html
Dikshitar,vandE mInAkshi,SankarAbharaNaM,sankarabharanam,http://guru-guha.blogspot.com/2008/05/dikshitar-kriti-vande-minakshi-raga.html
Dikshitar,vara lakshmIM bhaja,saurAshTraM,saurashtram,http://guru-guha.blogspot.com/2008/06/dikshitar-kriti-varalakshmim-bhaja-raga.html
Dikshitar,vara Siva bAlaM,SankarAbharaNaM,sankarabharanam,http://guru-guha.blogspot.com/2008/06/dikshitar-kriti-vara-siva-balam-raga.html
Dikshitar,varada rAja pAhi,SankarAbharaNaM,sankarabharanam,http://guru-guha.blogspot.com/2008/05/dikshitar-kriti-varadaraja-pahi-raga.html
Dikshitar,vAsu dEvamupAsmahE,mALava pancamaM,malavapancamam,http://guru-guha.blogspot.com/2008/06/dikshitar-kriti-vasudevamupasmahe-raga.html
Dikshitar,vAtApi gaNa patiM,haMsa dhvani,hamsadhvani,http://guru-guha.blogspot.com/2008/06/dikshitar-kriti-vatapi-ganapathim-raga.html
Dikshitar,vEdAraNyESvarAya,tODi,todi,http://guru-guha.blogspot.com/2008/06/dikshitar-kriti-vedaranyesvaraya-raga.html
Dikshitar,vIra vasanta,vIra vasanta,viravasanta,http://guru-guha.blogspot.com/2008/06/dikshitar-kriti-veera-vasanta-raga.html
Dikshitar,viSAlAkshIM,kASi rAmakriya,kasiramakriya,http://guru-guha.blogspot.com/2008/06/dikshitar-kriti-vishalakshim-vishveshim.html
Syama Sastri,birAna varAlicci,kalyANi,kalyani,http://syamakrishnavaibhavam.blogspot.com/2011/06/syama-sastry-kriti-birana-varalicchi.html
Syama Sastri,bRhannAyakI,madhyamAvati,madhyamavati,http://syamakrishnavaibhavam.blogspot.com/2011/05/syama-sastry-kriti-brhannayaki-raga.html
Syama Sastri,brOvavammA,nIlAmbari,nilambari,http://syamakrishnavaibhavam.blogspot.com/2011/06/syama-sastry-kriti-brovavamma-raga.html
Syama Sastri,dEvI brOva,cintAmaNi,cintamani,http://syamakrishnavaibhavam.blogspot.com/2011/06/syama-sastry-kriti-devi-brova-raga.html
Syama Sastri,dEvI mIna nEtrI,SankarAbharaNam,sankarabharanam,http://syamakrishnavaibhavam.blogspot.com/2011/06/syama-sastry-kriti-devi-meena-netri.html
Syama Sastri,dEvI nannu,kalyANi,kalyani,http://syamakrishnavaibhavam.blogspot.com/2011/07/syama-sastry-kriti-devi-nannu-raga.html
Syama Sastri,Emani migula,tODi,todi,http://syamakrishnavaibhavam.blogspot.com/2011/03/syama-krishna-vaibhavam-syama-sastry.html
Syama Sastri,ennEramum un nAma,pUrvi kalyANi,purvikalyani,http://syamakrishnavaibhavam.blogspot.com/2011/06/syama-sastry-kriti-enneramum-un-nama.html
Syama Sastri,himAdri sutE,kalyANi,kalyani,http://syamakrishnavaibhavam.blogspot.com/2011/07/syama-sastry-kriti-himadri-sute-raga.html
Syama Sastri,kAmAkshi karuNA,paraju,paraju,http://syamakrishnavaibhavam.blogspot.com/2011/04/syama-sastry-kriti-kamakshi-karuna-raga.html
Syama Sastri,kAmAkshi lOka sAkshiNI,madhyamAvati,madhyamavati,http://syamakrishnavaibhavam.blogspot.com/2011/05/syama-sastry-kriti-kamakshi-loka.html
Syama Sastri,karuNa jUDa,SrI rAgam,ragam,http://syamakrishnavaibhavam.blogspot.com/2011/06/syama-sastry-kriti-karuna-juda-sri.html
Syama Sastri,karuNA nidhi ilalO,tODi,todi,http://syamakrishnavaibhavam.blogspot.com/2011/03/syama-krishna-vaibhavam-syama-sastry_26.html
Syama Sastri,mAyammA nannu,nATa kuranji,natakuranji,http://syamakrishnavaibhavam.blogspot.com/2011/06/syama-sastry-kriti-mayamma-nannu-raga.html
Syama Sastri,nA manavini,saurAshTram,saurashtram,http://syamakrishnavaibhavam.blogspot.com/2011/05/syama-sastry-kriti-naa-manavini-raga.html
Syama Sastri,nanu brOva rAdA,gauLipantu,gaulipantu,http://syamakrishnavaibhavam.blogspot.com/2011/04/syama-sastry-kriti-nanu-brova-rada-raga.html
Syama Sastri,nIlAyatAkshi,paraju,paraju,http://syamakrishnavaibhavam.blogspot.com/2011/04/syama-sastry-kriti-nilayatakshi-raga.html
Syama Sastri,ninnE namminAnu,tODi,todi,http://syamakrishnavaibhavam.blogspot.com/2011/03/syama-sastry-kriti-ninne-namminanu-todi.html
Syama Sastri,ninnE nammiti,kEdAra gauLa,kedaragaula,http://syamakrishnavaibhavam.blogspot.com/2011/06/syama-sastry-kriti-ninne-nammiti-raga.html
Syama Sastri,ninnu vinA mari,rItigauLa - Abheri,ritigaulaabheri,http://syamakrishnavaibhavam.blogspot.com/2011/06/syama-sastry-kriti-ninnu-vina-mari.html
Syama Sastri,ninnu vinAga,pUrvi kalyANi,purvikalyani,http://syamakrishnavaibhavam.blogspot.com/2011/06/syama-sastry-kriti-ninnu-vinaga-raga.html
Syama Sastri,nIvE gatiyani,kalyANi,kalyani,http://syamakrishnavaibhavam.blogspot.com/2011/07/syama-sastry-kriti-nive-gatiyani-raga.html
Syama Sastri,pAhi mAM,nATa,nata,http://syamakrishnavaibhavam.blogspot.com/2011/06/syama-sastry-kriti-paahi-mam-nata-raga.html
Syama Sastri,pAlincu kAmAkshi,madhyamAvati,madhyamavati,http://syamakrishnavaibhavam.blogspot.com/2011/06/syama-sastry-kriti-palinchu-kamakshi.html
Syama Sastri,parAkEla,kEdAra gauLa,kedaragaula,http://syamakrishnavaibhavam.blogspot.com/2011/06/syama-sastry-kriti-paraakela-raga.html
Syama Sastri,parAmukham,kalyANi,kalyani,http://syamakrishnavaibhavam.blogspot.com/2011/07/syama-sastry-kriti-paraamukham-raga.html
Syama Sastri,pArvati ninu,kalgaDa,kalgada,http://syamakrishnavaibhavam.blogspot.com/2011/05/syama-sastry-kriti-paravti-ninu-raga.html
Syama Sastri,pura hara jAyE,gauLipantu,gaulipantu,http://syamakrishnavaibhavam.blogspot.com/2011/04/syama-sastry-kriti-pura-hara-jaaye-raga.html
Syama Sastri,rAvE hima giri kumAri,tODi,todi,http://syamakrishnavaibhavam.blogspot.com/2011/03/syama-sastry-kriti-rave-hima-giri.html
Syama Sastri,rAvE parvata rAja,kalyANi,kalyani,http://syamakrishnavaibhavam.blogspot.com/2011/07/syama-sastry-kriti-raave-parvata-raja.html
Syama Sastri,Sankari Sankari,kalyANi,kalyani,http://syamakrishnavaibhavam.blogspot.com/2011/07/syama-sastry-kriti-sankari-sankari-raga.html
Syama Sastri,santatam ennai,paraju,paraju,http://syamakrishnavaibhavam.blogspot.com/2011/04/syama-sastry-kriti-santatam-ennai.html
Syama Sastri,sarOja daLa nEtri,SankarAbharaNam,sankarabharanam,http://syamakrishnavaibhavam.blogspot.com/2011/06/syama-sastry-kriti-saroja-dala-netri.html
Syama Sastri,SrI kAmAkshI,kalyANi,kalyani,http://syamakrishnavaibhavam.blogspot.com/2011/07/syama-sastry-kriti-sri-kamakshi-raga.html
Syama Sastri,talli ninnu,kalyANi,kalyani,http://syamakrishnavaibhavam.blogspot.com/2011/07/syama-sastry-kriti-talli-ninnu-raga.html
Syama Sastri,taruNamidammA,gauLipantu,gaulipantu,http://syamakrishnavaibhavam.blogspot.com/2011/04/syama-sastry-kriti-tarunam-idamma-raga.html
Syama Sastri,trilOka mAtA,paraju,paraju,http://syamakrishnavaibhavam.blogspot.com/2011/04/syama-sastry-kriti-tri-loka-mata-raga.html
Thyagaraja,abhimAnamu lEdEmi,AndALi,andali,http://thyagaraja-vaibhavam.blogspot.com/2007/11/thyagaraja-kriti-abhimaanamu-ledemi.html
Thyagaraja,aDigi sukhamu,madhyamAvati,madhyamavati,http://thyagaraja-vaibhavam.blogspot.com/2007/09/thyagaraja-kriti-adigi-sukhamu-raga.html
Thyagaraja,alakalallalADaga,madhyamAvati,madhyamavati,http://thyagaraja-vaibhavam.blogspot.com/2007/09/thyagaraja-kriti-alakalallalaadaga-raga.html
Thyagaraja,allakallOlamu,saurAshTraM,saurashtram,http://thyagaraja-vaibhavam.blogspot.com/2007/04/thyagaraja-kriti-allakallolamu-raga.html
Thyagaraja,amma dharma saMvardhani,aThANa,athana,http://thyagaraja-vaibhavam.blogspot.com/2008/04/thyagaraja-kriti-amma-dharmasamvardhani.html
Thyagaraja,amma rAvamma,kalyANi,kalyani,http://thyagaraja-vaibhavam.blogspot.com/2008/09/thyagaraja-kriti-amma-ravamma-raga.html
Thyagaraja,anAthuDanu,jinglA,jingla,http://thyagaraja-vaibhavam.blogspot.com/2007/06/thyagaraja-kriti-anaathudanu-raga.html
Thyagaraja,anduNDakanE,pantuvarALi,pantuvarali,http://thyagaraja-vaibhavam.blogspot.com/2008/08/thyagaraja-kriti-andundakane-raga.html
Thyagaraja,anupama guNa,aThANa,athana,http://thyagaraja-vaibhavam.blogspot.com/2008/04/thyagaraja-kriti-anupama-guna-raga.html
Thyagaraja,anurAgamu lEni,sarasvati,sarasvati,http://thyagaraja-vaibhavam.blogspot.com/2008/09/thyagaraja-kriti-anuragamu-leni-raga.html
Thyagaraja,aparAdhamulanOrva,rasALi-vanALi-vanAvaLi,rasalivanalivanavali,http://thyagaraja-vaibhavam.blogspot.com/2008/10/thyagaraja-kriti-aparadhamulanorva-raga.html
Thyagaraja,appa rAma bhakti,pantuvarALi,pantuvarali,http://thyagaraja-vaibhavam.blogspot.com/2008/08/thyagaraja-kriti-appa-rama-bhakti-raga.html
Thyagaraja,aTla palukuduvu,aThANa,athana,http://thyagaraja-vaibhavam.blogspot.com/2008/04/thyagaraja-kriti-atla-palkuduvu-raga.html
Thyagaraja,ADa mODi,cArukEsi,carukesi,http://thyagaraja-vaibhavam.blogspot.com/2007/11/thyagaraja-kriti-aada-modi-galadaa-raga.html
Thyagaraja,AragimpavE,tODi,todi,http://thyagaraja-vaibhavam.blogspot.com/2008/10/thyagaraja-kriti-aragimpave-raga-todi.html
Thyagaraja,baDalika tIra,rIti gauLa,ritigaula,http://thyagaraja-vaibhavam.blogspot.com/2007/07/thyagaraja-kriti-badalika-deera-raga.html
Thyagaraja,bAgAyenayya,candra jyOti,candrajyoti,http://thyagaraja-vaibhavam.blogspot.com/2008/08/thyagaraja-kriti-bagayenayya-raga.html
Thyagaraja,bAlE bAlEndu,rIti gauLa,ritigaula,http://thyagaraja-vaibhavam.blogspot.com/2007/07/thyagaraja-kriti-baalae-baalendu-raga.html
Thyagaraja,bhajana parulakEla,suraTi,surati,http://thyagaraja-vaibhavam.blogspot.com/2008/03/thyagaraja-kriti-bhajana-parulakela.html
Thyagaraja,bhajana sEya rAdA,aThANa,athana,http://thyagaraja-vaibhavam.blogspot.com/2008/04/thyagaraja-kriti-bhajana-seya-rada-raga.html
Thyagaraja,bhajana sEyavE,kalyANi,kalyani,http://thyagaraja-vaibhavam.blogspot.com/2008/09/thyagaraja-kriti-bhajana-seyave-raga.html
Thyagaraja,bhajarE raghuvIraM,kalyANi,kalyani,http://thyagaraja-vaibhavam.blogspot.com/2008/09/thyagaraja-kriti-bhajare-raghuveeram.html
Thyagaraja,bhakti biccam,SankarAbharaNaM,sankarabharanam,http://thyagaraja-vaibhavam.blogspot.com/2008/03/thyagaraja-kriti-bhakti-biccam-raga.html
Thyagaraja,bRndAvana lOla,tODi,todi,http://thyagaraja-vaibhavam.blogspot.com/2008/11/thyagaraja-kriti-brndaavana-lola-raga.html
Thyagaraja,buddhi rAdu,SankarAbharaNaM,sankarabharanam,http://thyagaraja-vaibhavam.blogspot.com/2008/03/thyagaraja-kriti-buddhi-radu-raga.html
Thyagaraja,ceDE buddhi,aThANa,athana,http://thyagaraja-vaibhavam.blogspot.com/2008/04/thyagaraja-kriti-chede-buddhi-raga.html
Thyagaraja,centanE sadA,kuntala varALi,kuntalavarali,http://thyagaraja-vaibhavam.blogspot.com/2007/11/thyagaraja-kriti-chentanae-sadaa-raga.html
Thyagaraja,cEra rAvadEmi,rIti gauLa,ritigaula,http://thyagaraja-vaibhavam.blogspot.com/2007/07/thyagaraja-kriti-chera-raavademi-rage.html
Thyagaraja,cEsinadella,tODi,todi,http://thyagaraja-vaibhavam.blogspot.com/2008/11/thyagaraja-kriti-chesinadella-raga-todi.html
Thyagaraja,cUDarE celulAra,pantuvarALi,pantuvarali,http://thyagaraja-vaibhavam.blogspot.com/2008/08/thyagaraja-kriti-choodare-chelulara.html
Thyagaraja,darSanamu sEya,nArAyaNa gauLa,narayanagaula,http://thyagaraja-vaibhavam.blogspot.com/2008/01/thyagaraja-kriti-dharshanamu-seya-raga.html
Thyagaraja,dAcukOvalenA,tODi,todi,http://thyagaraja-vaibhavam.blogspot.com/2008/11/thyagaraja-kriti-daachukovalenaa-raga.html
Thyagaraja,dASarathE dayA,kOila priya,koilapriya,http://thyagaraja-vaibhavam.blogspot.com/2009/01/tyagaraja-kriti-dasarathe-daya-saradhe.html
Thyagaraja,dASarathI nI RNamu,tODi,todi,http://thyagaraja-vaibhavam.blogspot.com/2008/11/thyagaraja-kriti-daasarathi-nee-rinamu.html
Thyagaraja,dEva rAma rAma,saurAshTraM,saurashtram,http://thyagaraja-vaibhavam.blogspot.com/2007/05/thyagaraja-kriti-deva-rama-rama-raga.html
Thyagaraja,dEva SrI tapastIrtha,madhyamAvati,madhyamavati,http://thyagaraja-vaibhavam.blogspot.com/2007/09/thyagaraja-kriti-deva-sri.html
Thyagaraja,dEvi SrI tuLasamma,mAyA mALava gauLa,mayamalavagaula,http://thyagaraja-vaibhavam.blogspot.com/2007/03/thyagaraja-kriti-devi-sri-tulasamma.html
Thyagaraja,dharmAtma,kEdAra gauLa,kedaragaula,http://thyagaraja-vaibhavam.blogspot.com/2007/12/thyagaraja-kriti-dharmaatma-raga.html
Thyagaraja,dIna janAvana,bhUpALaM - bhauLi,bhupalambhauli,http://thyagaraja-vaibhavam.blogspot.com/2009/01/tyagaraja-kriti-deena-janaavana-raga.html
Thyagaraja,dorakunAyani,tODi,todi,http://thyagaraja-vaibhavam.blogspot.com/2008/11/thyagaraja-kriti-dorakunaayani-raga.html
Thyagaraja,duDuku gala,gauLa,gaula,http://thyagaraja-vaibhavam.blogspot.com/2007/03/thyagaraja-kriti-duduku-gala-raga-gaula.html
Thyagaraja,dvaitamu sukhamA,rIti gauLa,ritigaula,http://thyagaraja-vaibhavam.blogspot.com/2007/07/thyagaraja-kriti-dvaitamu-sukhamaa-raga.html
Thyagaraja,eduTa nilicitE,SankarAbharaNaM,sankarabharanam,http://thyagaraja-vaibhavam.blogspot.com/2008/03/thyagaraja-kriti-eduta-nilichite-raga.html
Thyagaraja,endarO mahAnubhAvulu,SrI rAgaM,ragam,http://thyagaraja-vaibhavam.blogspot.com/2007/10/thyagaraja-kriti-endaro-mahaanubhaavulu.html
Thyagaraja,endu dAginADO,tODi,todi,http://thyagaraja-vaibhavam.blogspot.com/2008/11/thyagaraja-kriti-endu-daaginaado-raga.html
Thyagaraja,endu kaugilinturA,Suddha dESi,suddhadesi,http://thyagaraja-vaibhavam.blogspot.com/2007/06/thyagaraja-kriti-endu-kaugilinthuraa.html
Thyagaraja,endukI calamu,SankarAbharaNaM,sankarabharanam,http://thyagaraja-vaibhavam.blogspot.com/2008/03/thyagaraja-kriti-enduki-chalamu-raga.html
Thyagaraja,endukO nI manasu,kalyANi,kalyani,http://thyagaraja-vaibhavam.blogspot.com/2008/09/thyagaraja-kriti-enduko-nee-manasu-raga.html
Thyagaraja,enduku daya rAdu,tODi,todi,http://thyagaraja-vaibhavam.blogspot.com/2008/10/thyagaraja-kriti-enduku-daya-radu-raga.html
Thyagaraja,enduku peddala,SankarAbharaNaM,sankarabharanam,http://thyagaraja-vaibhavam.blogspot.com/2008/03/thyagaraja-kriti-enduku-peddala-raga.html
Thyagaraja,ennaDO rakshincitE,saurAshTraM,saurashtram,http://thyagaraja-vaibhavam.blogspot.com/2007/05/thyagaraja-kriti-ennado-rakshinchitae.html
Thyagaraja,ennaga manasuku,nIlAmbari,nilambari,http://thyagaraja-vaibhavam.blogspot.com/2008/06/thyagaraja-kriti-ennaga-manasuku-raga.html
Thyagaraja,ennALLu tirigEdi,mALava SrI,malava,http://thyagaraja-vaibhavam.blogspot.com/2007/09/thyagaraja-kriti-ennaallu-thirigedi.html
Thyagaraja,enta muddO,bindu mAlini,bindumalini,http://thyagaraja-vaibhavam.blogspot.com/2007/04/thyagaraja-kriti-enta-muddo-raga-bindu.html
Thyagaraja,enta pApinaiti,gauLipantu,gaulipantu,http://thyagaraja-vaibhavam.blogspot.com/2007/03/thyagaraja-kriti-enta-paapinaiti-raga.html
Thyagaraja,enta vEDukondu,sarasvati manOhari,sarasvatimanohari,http://thyagaraja-vaibhavam.blogspot.com/2008/02/thyagaraja-kriti-entha-vedukondu-raga.html
Thyagaraja,entanucu varNintunE,saurAshTraM,saurashtram,http://thyagaraja-vaibhavam.blogspot.com/2007/05/thyagaraja-kriti-entanucu-varnintunae.html
Thyagaraja,eTlA dorigitivO,vasanta,vasanta,http://thyagaraja-vaibhavam.blogspot.com/2007/04/thyagaraja-kriti-etlaa-dorigitivo-raga.html
Thyagaraja,eTula brOtuvO,cakravAkaM,cakravakam,http://thyagaraja-vaibhavam.blogspot.com/2007/04/thyagaraja-kriti-etula-brotuvo-raga.html
Thyagaraja,eTulaina bhakti,sAma,sama,http://thyagaraja-vaibhavam.blogspot.com/2008/02/thyagaraja-kriti-etulaina-bhakti-raga.html
Thyagaraja,evarani nirNayinciri,dEvAmRta varshiNi,devamrtavarshini,http://thyagaraja-vaibhavam.blogspot.com/2007/07/thyagaraja-kriti-evarani-nirnayinchiri.html
Thyagaraja,evariccirirA,madhyamAvati,madhyamavati,http://thyagaraja-vaibhavam.blogspot.com/2007/09/thyagaraja-kriti-evaricchiriraa-raga.html
Thyagaraja,evaru teliya poyyEru,tODi,todi,http://thyagaraja-vaibhavam.blogspot.com/2008/11/thyagaraja-kriti-evaru-teliyapoyyeru.html
Thyagaraja,evarunnAru brOva,mALava SrI,malava,http://thyagaraja-vaibhavam.blogspot.com/2007/09/thyagaraja-kriti-evarunnaaru-brova-raga.html
Thyagaraja,evvarE rAmayya,gAngEya bhUshaNi,gangeyabhushani,http://thyagaraja-vaibhavam.blogspot.com/2008/07/thyagaraja-kriti-evvare-ramayya-raga.html
Thyagaraja,E dAri sancarinturA,Sruti ranjani,srutiranjani,http://thyagaraja-vaibhavam.blogspot.com/2008/09/thyagaraja-kriti-edaari-sancharintura.html
Thyagaraja,E pApamu jEsitirA,aThANa,athana,http://thyagaraja-vaibhavam.blogspot.com/2008/04/thyagaraja-kriti-epapamu-jesithira-raga.html
Thyagaraja,E tAvunarA,kalyANi,kalyani,http://thyagaraja-vaibhavam.blogspot.com/2008/09/thyagaraja-vaibhavam-etaavunara-raga.html
Thyagaraja,E varamaDugudu,kalyANi,kalyani,http://thyagaraja-vaibhavam.blogspot.com/2008/09/thyagaraja-kriti-evaramadugudu-raga.html
Thyagaraja,E vidhamulanaina,SankarAbharaNaM,sankarabharanam,http://thyagaraja-vaibhavam.blogspot.com/2008/03/thyagaraja-kriti-evidhamulanaina-raga.html
Thyagaraja,Ela nI daya rAdu,aThANa,athana,http://thyagaraja-vaibhavam.blogspot.com/2008/04/thyagaraja-kriti-ela-nee-daya-radu-raga.html
Thyagaraja,EmandunE vicitramunu,SrImaNi,srimani,http://thyagaraja-vaibhavam.blogspot.com/2008/10/thyagaraja-kriti-emandune-vichitramunu.html
Thyagaraja,Emani mATADitivO,tODi,todi,http://thyagaraja-vaibhavam.blogspot.com/2008/11/thyagaraja-kriti-emani-maataaditivo.html
Thyagaraja,Emani nera nammu,saurAshTraM,saurashtram,http://thyagaraja-vaibhavam.blogspot.com/2007/05/thyagaraja-kriti-emani-nera-nammu-raga.html
Thyagaraja,Emani pogaDudurA,vIra vasanta,viravasanta,http://thyagaraja-vaibhavam.blogspot.com/2007/11/thyagaraja-kriti-emani-pogaduduraa-raga.html
Thyagaraja,EmEmO teliyaka,saurAshTraM,saurashtram,http://thyagaraja-vaibhavam.blogspot.com/2007/05/thyagaraja-kriti-ememo-teliyaka-raga.html
Thyagaraja,Emi jEsitEnEmi,tODi,todi,http://thyagaraja-vaibhavam.blogspot.com/2008/11/thyagaraja-kriti-emi-jesitenemi-raga.html
Thyagaraja,Emi nEramu,SankarAbharaNaM,sankarabharanam,http://thyagaraja-vaibhavam.blogspot.com/2008/03/thyagaraja-kriti-emi-neramu-raga.html
Thyagaraja,ETi yOcanalu,kiraNAvaLi,kiranavali,http://thyagaraja-vaibhavam.blogspot.com/2007/06/thyagaraja-kriti-eti-yochanalu-raga.html
Thyagaraja,garuDa gamana,gauri manOhari,gaurimanohari,http://thyagaraja-vaibhavam.blogspot.com/2007/10/thyagaraja-kriti-garuda-gamana-raga.html
Thyagaraja,gata mOhASrita,SankarAbharaNaM,sankarabharanam,http://thyagaraja-vaibhavam.blogspot.com/2008/03/thyagaraja-kriti-gata-mohasrita-raga.html
Thyagaraja,gati nIvani,tODi,todi,http://thyagaraja-vaibhavam.blogspot.com/2008/11/thyagaraja-kriti-gati-neevani-raga-todi.html
Thyagaraja,ghuma ghuma,saurAshTraM,saurashtram,http://thyagaraja-vaibhavam.blogspot.com/2007/05/thyagaraja-kriti-ghuma-ghuma-raga.html
Thyagaraja,gItArthamu,suraTi,surati,http://thyagaraja-vaibhavam.blogspot.com/2008/02/thyagaraja-kriti-geethaarthamu-raga.html
Thyagaraja,guru lEka,gauri manOhari,gaurimanohari,http://thyagaraja-vaibhavam.blogspot.com/2007/11/thyagaraja-kriti-guru-leka-raga-gauri.html
Thyagaraja,hariyanuvAri,tODi,todi,http://thyagaraja-vaibhavam.blogspot.com/2008/11/thyagaraja-kriti-hariyanuvaani-raga.html
Thyagaraja,idi samayamurA,chAyA nATa,chayanata,http://thyagaraja-vaibhavam.blogspot.com/2008/07/thyagaraja-kriti-idi-samayamura-raga.html
Thyagaraja,ilalO praNatArti,aThANa,athana,http://thyagaraja-vaibhavam.blogspot.com/2008/04/thyagaraja-kriti-ilalo-pranathaarthi.html
Thyagaraja,inkA daya,nArAyaNa gauLa,narayanagaula,http://thyagaraja-vaibhavam.blogspot.com/2007/12/thyagaraja-kriti-inkaa-daya-raga.html
Thyagaraja,innALLa vale,tODi,todi,http://thyagaraja-vaibhavam.blogspot.com/2008/10/thyagaraja-kriti-innaallavale-raga-todi.html
Thyagaraja,innALLu daya,nArAyaNa gauLa,narayanagaula,http://thyagaraja-vaibhavam.blogspot.com/2008/01/thyagaraja-kriti-innaallu-daya-raga.html
Thyagaraja,ISa pAhi,kalyANi,kalyani,http://thyagaraja-vaibhavam.blogspot.com/2008/09/thyagaraja-kriti-isa-pahi-mam-kalyani.html
Thyagaraja,Ivaraku jUcinadi,SankarAbharaNaM,sankarabharanam,http://thyagaraja-vaibhavam.blogspot.com/2008/03/thyagaraja-kriti-ivaraku-juchinadi-raga.html
Thyagaraja,jagadAnanda kAraka,nATa,nata,http://thyagaraja-vaibhavam.blogspot.com/2008/07/thyagaraja-kriti-jagadananda-karaka.html
Thyagaraja,jaya jaya SrI raghurAma,mangaLa kaisiki,mangalakaisiki,http://thyagaraja-vaibhavam.blogspot.com/2007/03/thyagaraja-kriti-jaya-jaya-sri.html
Thyagaraja,jAnakI ramaNa,Suddha sImantini,suddhasimantini,http://thyagaraja-vaibhavam.blogspot.com/2009/01/tyagaraja-kriti-janaki-ramana-raga.html
Thyagaraja,jnAnamosaga rAdA,pUri kalyANi,purikalyani,http://thyagaraja-vaibhavam.blogspot.com/2008/08/thyagaraja-kriti-jnanamosaga-rada-raga.html
Thyagaraja,jO jO rAma,rIti gauLa,ritigaula,http://thyagaraja-vaibhavam.blogspot.com/2007/07/thyagaraja-kriti-jo-jo-rama-raga-reethi.html
Thyagaraja,kaDa tEra rAdA,tODi,todi,http://thyagaraja-vaibhavam.blogspot.com/2008/11/thyagaraja-kriti-kada-tera-raada-raga.html
Thyagaraja,kadaluvADu,nArAyaNa gauLa,narayanagaula,http://thyagaraja-vaibhavam.blogspot.com/2008/01/thyagaraja-kriti-kadhaluvaadu-raga.html
Thyagaraja,kaddanu vAriki,tODi,todi,http://thyagaraja-vaibhavam.blogspot.com/2008/11/thyagaraja-kriti-kaddanu-vaariki-raga.html
Thyagaraja,kalala nErcina,dIpakaM,dipakam,http://thyagaraja-vaibhavam.blogspot.com/2008/08/thyagaraja-kriti-kalala-nerchina-raga.html
Thyagaraja,kali narulaku,kuntala varALi,kuntalavarali,http://thyagaraja-vaibhavam.blogspot.com/2007/11/thyagaraja-kriti-kali-narulaku-raga.html
Thyagaraja,kalugunA,pUrNa lalitA,purnalalita,http://thyagaraja-vaibhavam.blogspot.com/2007/05/thyagaraja-kriti-kalugunaa-raga-poorna.html
Thyagaraja,kamala bhavuDu,kalyANi,kalyani,http://thyagaraja-vaibhavam.blogspot.com/2008/09/thyagaraja-kriti-kamala-bhavudu-raga.html
Thyagaraja,kamalApa kula,bRndAvana sAranga,brndavanasaranga,http://thyagaraja-vaibhavam.blogspot.com/2007/09/thyagaraja-kriti-kamalaapta-kula.html
Thyagaraja,kaNTa jUDumi,vAcaspati,vacaspati,http://thyagaraja-vaibhavam.blogspot.com/2008/09/thyagaraja-kriti-kanta-judumi-raga.html
Thyagaraja,kanulu tAkani,kalyANa vasanta,kalyanavasanta,http://thyagaraja-vaibhavam.blogspot.com/2007/06/thyagaraja-kriti-kanulu-thaakani-raga.html
Thyagaraja,karuNA jaladhi,kEdAra gauLa,kedaragaula,http://thyagaraja-vaibhavam.blogspot.com/2007/12/thyagaraja-kriti-karunaa-jaladhi-raga.html
Thyagaraja,karuNa jUDavamma,tODi,todi,http://thyagaraja-vaibhavam.blogspot.com/2008/11/thyagaraja-kriti-karuna-judavamma-raga.html
Thyagaraja,kaTTu jEsinAvu,aThANa,athana,http://thyagaraja-vaibhavam.blogspot.com/2008/04/thyagaraja-kriti-kattu-jesinavu-raga.html
Thyagaraja,kAru vElpulu,kalyANi,kalyani,http://thyagaraja-vaibhavam.blogspot.com/2008/09/thyagaraja-kriti-kaaru-velpulu-raga.html
Thyagaraja,kAsiccEdE,gauLipantu,gaulipantu,http://thyagaraja-vaibhavam.blogspot.com/2007/03/thyagaraja-kriti-kaasicchedae-raga.html
Thyagaraja,koluvamarE kada,tODi,todi,http://thyagaraja-vaibhavam.blogspot.com/2008/11/thyagaraja-kriti-koluvamare-kada-raga.html
Thyagaraja,koniyADE,kOkila dhvani,kokiladhvani,http://thyagaraja-vaibhavam.blogspot.com/2008/01/thyagaraja-kriti-koniyaadae-raga-kokila.html
Thyagaraja,kOTi nadulu,tODi,todi,http://thyagaraja-vaibhavam.blogspot.com/2008/11/thyagaraja-kriti-koti-nadulu-raga-todi.html
Thyagaraja,kuvalaya daLa,nATa kuranji,natakuranji,http://thyagaraja-vaibhavam.blogspot.com/2008/01/thyagaraja-kriti-kuvalaya-dala-raga.html
Thyagaraja,lAli lAlayya,kEdAra gauLa,kedaragaula,http://thyagaraja-vaibhavam.blogspot.com/2007/12/thyagaraja-kriti-laali-laalayya-raga_26.html
Thyagaraja,lAliyUgavE,nIlAmbari,nilambari,http://thyagaraja-vaibhavam.blogspot.com/2008/06/thyagaraja-kriti-laaliyugave-raga.html
Thyagaraja,lAvaNya rAma,pUrNa shaDjaM,purnashadjam,http://thyagaraja-vaibhavam.blogspot.com/2007/09/thyagaraja-kriti-laavanya-rama-raga.html
Thyagaraja,lIlagAnu jUcu,divya maNi-dundubhi,divyamanidundubhi,http://thyagaraja-vaibhavam.blogspot.com/2008/08/thyagaraja-kriti-leelaganu-jucu-raga.html
Thyagaraja,mahima taggincukO,rishabha priya,rishabhapriya,http://thyagaraja-vaibhavam.blogspot.com/2008/09/thyagaraja-kriti-mahima-tagginchuko.html
Thyagaraja,manasA SrI rAmacandruni,ISa manOhari,isamanohari,http://thyagaraja-vaibhavam.blogspot.com/2007/11/thyagaraja-kriti-manasaa-sri.html
Thyagaraja,manasu svAdhIna,SankarAbharaNaM,sankarabharanam,http://thyagaraja-vaibhavam.blogspot.com/2008/03/thyagaraja-kriti-manasu-svadhina-raga.html
Thyagaraja,manasu vishaya,nATa kuranji,natakuranji,http://thyagaraja-vaibhavam.blogspot.com/2008/01/thyagaraja-kriti-manasu-vishaya-raga.html
Thyagaraja,manavinAlakinca,naLina kAnti,nalinakanti,http://thyagaraja-vaibhavam.blogspot.com/2007/11/thyagaraja-kriti-manavinaalakincha-raga.html
Thyagaraja,mariyAda kAdurA,SankarAbharaNaM,sankarabharanam,http://thyagaraja-vaibhavam.blogspot.com/2008/03/thyagaraja-kriti-mariyada-kadura-raga.html
Thyagaraja,marugElarA,jayanta SrI,jayanta,http://thyagaraja-vaibhavam.blogspot.com/2007/06/thyagaraja-kriti-marugelaraa-raga.html
Thyagaraja,mA kulamuna,suraTi,surati,http://thyagaraja-vaibhavam.blogspot.com/2008/03/thyagaraja-kriti-ma-kulamuna-raga.html
Thyagaraja,mA rAmacandruniki,kEdAra gauLa,kedaragaula,http://thyagaraja-vaibhavam.blogspot.com/2007/12/thyagaraja-kriti-maa-ramachandruniki.html
Thyagaraja,mAkElarA vicAramu,ravi candrika,ravicandrika,http://thyagaraja-vaibhavam.blogspot.com/2008/02/thyagaraja-kriti-maakelaraa-vichaaramu.html
Thyagaraja,mAnamu lEdA,hamIr kalyANi,hamirkalyani,http://thyagaraja-vaibhavam.blogspot.com/2008/10/thyagaraja-kriti-maanamu-leda-raga.html
Thyagaraja,mAra vairi,nAsikA bhUshaNi,nasikabhushani,http://thyagaraja-vaibhavam.blogspot.com/2008/10/thyagaraja-kriti-maara-vairi-ramani.html
Thyagaraja,mATADavEmi,nIlAmbari,nilambari,http://thyagaraja-vaibhavam.blogspot.com/2008/06/thyagaraja-kriti-maataadavemi-raga.html
Thyagaraja,mElu mElu rAma nAma,saurAshTraM,saurashtram,http://thyagaraja-vaibhavam.blogspot.com/2007/05/thyagaraja-kriti-melu-melu-rama-naama.html
Thyagaraja,mElukO dayA nidhi,saurAshTraM,saurashtram,http://thyagaraja-vaibhavam.blogspot.com/2007/05/thyagaraja-kriti-meluko-dayaa-nidhi.html
Thyagaraja,mElukOvayya,bhauLi,bhauli,http://thyagaraja-vaibhavam.blogspot.com/2007/03/thyagaraja-kriti-melukovayya-raga.html
Thyagaraja,mEru samAna dhIra,mAyA mALava gauLa,mayamalavagaula,http://thyagaraja-vaibhavam.blogspot.com/2007/03/thyagaraja-kriti-meru-samaana-raga.html
Thyagaraja,mOsa pOku,gauLipantu,gaulipantu,http://thyagaraja-vaibhavam.blogspot.com/2007/03/thyagaraja-kriti-mosa-boku-raga-gauli.html
Thyagaraja,muccaTa,madhyamAvati,madhyamavati,http://thyagaraja-vaibhavam.blogspot.com/2007/09/thyagaraja-kriti-mucchata-raga.html
Thyagaraja,mummUrtulu,aThANa,athana,http://thyagaraja-vaibhavam.blogspot.com/2008/05/thyagaraja-kriti-mummurthulu-raga.html
Thyagaraja,munnu rAvaNa,tODi,todi,http://thyagaraja-vaibhavam.blogspot.com/2008/11/thyagaraja-kriti-munnu-ravana-raga-todi.html
Thyagaraja,nagu mOmugala vAni,madhyamAvati,madhyamavati,http://thyagaraja-vaibhavam.blogspot.com/2007/09/thyagaraja-kriti-nagu-momu-gala-vaani.html
Thyagaraja,naLina lOcana,madhyamAvati,madhyamavati,http://thyagaraja-vaibhavam.blogspot.com/2007/09/thyagaraja-kriti-nalina-lochana-raga.html
Thyagaraja,nammi vaccina,kalyANi,kalyani,http://thyagaraja-vaibhavam.blogspot.com/2008/09/thyagaraja-kriti-nammi-vacchina-raga.html
Thyagaraja,namO namO rAghavAya,dESiya tODi,desiyatodi,http://thyagaraja-vaibhavam.blogspot.com/2008/11/thyagaraja-kriti-namo-namo-raghavaaya.html
Thyagaraja,nannu brOvakanu,SankarAbharaNaM,sankarabharanam,http://thyagaraja-vaibhavam.blogspot.com/2008/03/thyagaraja-kriti-nannu-brovakanu-raga.html
Thyagaraja,nannu kanna talli,kEsari - sindhu kannaDa,kesarisindhukannada,http://thyagaraja-vaibhavam.blogspot.com/2008/02/thyagaraja-kriti-nannu-kanna-thalli.html
Thyagaraja,nannu viDaci,rIti gauLa,ritigaula,http://thyagaraja-vaibhavam.blogspot.com/2007/07/thyagaraja-kriti-nannu-vidachi-raga.html
Thyagaraja,nAda lOluDai,kalyANa vasanta,kalyanavasanta,http://thyagaraja-vaibhavam.blogspot.com/2007/06/thyagaraja-kriti-naada-loludai-raga.html
Thyagaraja,nAda tanumaniSaM,citta ranjani,cittaranjani,http://thyagaraja-vaibhavam.blogspot.com/2007/09/thyagaraja-kriti-naada-tanumanisam-raga.html
Thyagaraja,nAdupai,madhyamAvati,madhyamavati,http://thyagaraja-vaibhavam.blogspot.com/2007/09/thyagaraja-kriti-naadupai-raga.html
Thyagaraja,nAma kusuma,SrI rAgaM,ragam,http://thyagaraja-vaibhavam.blogspot.com/2007/10/thyagaraja-kriti-naama-kusuma-raga-sri.html
Thyagaraja,nApAli SrI rAma,SankarAbharaNaM,sankarabharanam,http://thyagaraja-vaibhavam.blogspot.com/2008/03/thyagaraja-kriti-naapaali-sri-rama-raga.html
Thyagaraja,nArada gAna,aThANa,athana,http://thyagaraja-vaibhavam.blogspot.com/2008/04/thyagaraja-kriti-narada-gana-raga.html
Thyagaraja,nArada muni,pantuvarALi,pantuvarali,http://thyagaraja-vaibhavam.blogspot.com/2008/08/thyagaraja-kriti-narada-muni-raga.html
Thyagaraja,nE pogaDakuNTE,dESiya tODi,desiyatodi,http://thyagaraja-vaibhavam.blogspot.com/2008/11/thyagaraja-kriti-ne-pogadakunte-raga.html
Thyagaraja,nEramA rAma,saurAshTraM,saurashtram,http://thyagaraja-vaibhavam.blogspot.com/2007/05/thyagaraja-kriti-neramaa-rama-raga.html
Thyagaraja,nidhi cAla sukhamA,kalyANi,kalyani,http://thyagaraja-vaibhavam.blogspot.com/2008/09/thyagaraja-kriti-nidhi-chala-sukhama.html
Thyagaraja,ninnanavalasina,kalyANi,kalyani,http://thyagaraja-vaibhavam.blogspot.com/2008/09/thyagaraja-kriti-ninnanavalasina-raga.html
Thyagaraja,ninnE bhajana,nATa,nata,http://thyagaraja-vaibhavam.blogspot.com/2008/07/thyagaraja-kriti-ninne-bhajana-raga.html
Thyagaraja,ninnE nera,pantuvarALi,pantuvarali,http://thyagaraja-vaibhavam.blogspot.com/2008/08/thyagaraja-kriti-ninne-nera-raga.html
Thyagaraja,ninu vinA sukhamu,tODi,todi,http://thyagaraja-vaibhavam.blogspot.com/2008/11/thyagaraja-kriti-ninu-vinaa-sukhamu.html
Thyagaraja,niravadhi sukhada,ravi candirka,ravicandirka,http://thyagaraja-vaibhavam.blogspot.com/2008/02/thyagaraja-kriti-niravadhi-sukhada-raga.html
Thyagaraja,nI cittamu nA,vijaya vasanta,vijayavasanta,http://thyagaraja-vaibhavam.blogspot.com/2008/08/thyagaraja-kriti-nee-chittamu-naa.html
Thyagaraja,nI daya kalguTE,rIti gauLa,ritigaula,http://thyagaraja-vaibhavam.blogspot.com/2007/07/thyagaraja-kriti-nee-daya-galgutae-raga.html
Thyagaraja,nI daya rAvale,tODi,todi,http://thyagaraja-vaibhavam.blogspot.com/2008/11/thyagaraja-kriti-nee-daya-raavale-raga.html
Thyagaraja,nI dAsAnudAsuDu,hamIr kalyANi,hamirkalyani,http://thyagaraja-vaibhavam.blogspot.com/2008/10/thyagaraja-kriti-nee-dasaanudaasudu.html
Thyagaraja,nI nAma rUpamulaku,saurAshTraM,saurashtram,http://thyagaraja-vaibhavam.blogspot.com/2007/05/thyagaraja-kriti-nee-naama-roopamulaku.html
Thyagaraja,nIkE daya rAka,nIlAmbari,nilambari,http://thyagaraja-vaibhavam.blogspot.com/2008/06/thyagaraja-kriti-neeke-daya-raka-raga.html
Thyagaraja,nIvaNTi daivamu,tODi,todi,http://thyagaraja-vaibhavam.blogspot.com/2008/11/thyagaraja-kriti-neevanti-daivamu.html
Thyagaraja,nIvE kanneDa,saurAshTraM,saurashtram,http://thyagaraja-vaibhavam.blogspot.com/2007/05/thyagaraja-kriti-neevae-kannada-raga.html
Thyagaraja,O jagannAthA,kEdAra gauLa,kedaragaula,http://thyagaraja-vaibhavam.blogspot.com/2007/12/thyagaraja-kriti-o-jagannaatha-raga.html
Thyagaraja,Ora jUpu,kannaDa gauLa,kannadagaula,http://thyagaraja-vaibhavam.blogspot.com/2007/07/thyagaraja-kriti-ora-joopu-raga-kannada.html
Thyagaraja,padavi nI,sAlaka bhairavi,salakabhairavi,http://thyagaraja-vaibhavam.blogspot.com/2007/10/thyagaraja-kriti-padavi-nee-raga.html
Thyagaraja,palukavEmi nA daivamA,pUrNa candrika,purnacandrika,http://thyagaraja-vaibhavam.blogspot.com/2008/06/thyagaraja-kriti-palukavemi-naa-daivama.html
Thyagaraja,para lOka sAdhanamE,pUri kalyANi,purikalyani,http://thyagaraja-vaibhavam.blogspot.com/2008/08/thyagaraja-kriti-paraloka-sadhaname.html
Thyagaraja,parAku nIkElarA,kiraNAvaLi,kiranavali,http://thyagaraja-vaibhavam.blogspot.com/2007/06/thyagaraja-kriti-paraaku-neekelaraa.html
Thyagaraja,parama pAvana,pantuvarALi,pantuvarali,http://thyagaraja-vaibhavam.blogspot.com/2008/08/thyagaraja-kriti-parama-pavana-raga.html
Thyagaraja,parAmukhamEla,suraTi,surati,http://thyagaraja-vaibhavam.blogspot.com/2008/03/thyagaraja-kriti-paraamukhamela-raga.html
Thyagaraja,paripAlaya dASarathE,SankarAbharaNaM,sankarabharanam,http://thyagaraja-vaibhavam.blogspot.com/2008/03/thyagaraja-kriti-paripaalaya-dasarathae.html
Thyagaraja,paripAlaya paripAlaya,rIti gauLa,ritigaula,http://thyagaraja-vaibhavam.blogspot.com/2007/07/thyagaraja-kriti-paripaalaya.html
Thyagaraja,paripUrNa kAma,pUri kalyANi,purikalyani,http://thyagaraja-vaibhavam.blogspot.com/2008/08/thyagaraja-kriti-paripoorna-kama-raga.html
Thyagaraja,patiki hArati,suraTi,surati,http://thyagaraja-vaibhavam.blogspot.com/2008/02/thyagaraja-kriti-pathiki-haarathi-raga.html
Thyagaraja,pAhi mAM harE,saurAshTraM,saurashtram,http://thyagaraja-vaibhavam.blogspot.com/2007/05/thyagaraja-kriti-paahi-maam-harae-raga.html
Thyagaraja,pAhi pAhi dIna bandhO,saurAshTraM,saurashtram,http://thyagaraja-vaibhavam.blogspot.com/2007/05/thyagaraja-kriti-paahi-paahi-deena.html
Thyagaraja,pAhi rAma candra,SankarAbharaNaM,sankarabharanam,http://thyagaraja-vaibhavam.blogspot.com/2008/03/thyagaraja-kriti-pahi-ramachandra-raga.html
Thyagaraja,prArabdham,svarAvaLi,svaravali,http://thyagaraja-vaibhavam.blogspot.com/2008/02/thyagaraja-kriti-praarabdham-raga.html
Thyagaraja,proddu poyyenu,tODi,todi,http://thyagaraja-vaibhavam.blogspot.com/2008/11/thyagaraja-kriti-proddu-poyyenu-raga.html
Thyagaraja,raghu nandana,kEdAra gauLa,kedaragaula,http://thyagaraja-vaibhavam.blogspot.com/2007/12/thyagaraja-kriti-raghu-nandana-raghu.html
Thyagaraja,raghu nandana rAja,Suddha dESi,suddhadesi,http://thyagaraja-vaibhavam.blogspot.com/2007/06/thyagaraja-kriti-raghu-nandana-raaja.html
Thyagaraja,raghu nAyaka,hamsa dhvani,hamsadhvani,http://thyagaraja-vaibhavam.blogspot.com/2008/07/thyagaraja-kriti-raghu-nayaka-raga.html
Thyagaraja,raghu vara nannu,pantuvarALi,pantuvarali,http://thyagaraja-vaibhavam.blogspot.com/2008/08/thyagaraja-kriti-raghuvara-nannu-raga.html
Thyagaraja,ramA ramaNa rArA,SankarAbharaNaM,sankarabharanam,http://thyagaraja-vaibhavam.blogspot.com/2008/03/thyagaraja-kriti-ramaa-ramana-rara-raga.html
Thyagaraja,ranga nAyaka,SankarAbharaNaM,sankarabharanam,http://thyagaraja-vaibhavam.blogspot.com/2008/03/thyagaraja-kriti-ranga-nayaka-raga.html
Thyagaraja,rAga ratna,rIti gauLa,ritigaula,http://thyagaraja-vaibhavam.blogspot.com/2007/07/thyagaraja-kriti-raaga-ratna-raga.html
Thyagaraja,rAju veDale,tODi,todi,http://thyagaraja-vaibhavam.blogspot.com/2008/11/thyagaraja-kriti-raju-vedale-raga-todi.html
Thyagaraja,rAma daivamA,suraTi,surati,http://thyagaraja-vaibhavam.blogspot.com/2008/03/thyagaraja-kriti-rama-daivama-raga.html
Thyagaraja,rAma kathA,madhyamAvati,madhyamavati,http://thyagaraja-vaibhavam.blogspot.com/2007/09/thyagaraja-kriti-rama-kathaa-raga.html
Thyagaraja,rAma nAmaM bhajarE,madhyamAvati,madhyamavati,http://thyagaraja-vaibhavam.blogspot.com/2007/09/thyagaraja-kriti-rama-namam-bhajarae.html
Thyagaraja,rAma nAmamu janma,aThANa,athana,http://thyagaraja-vaibhavam.blogspot.com/2008/05/thyagaraja-kriti-rama-namamu-janma.html
Thyagaraja,rAma ninu vinA,SankarAbharaNaM,sankarabharanam,http://thyagaraja-vaibhavam.blogspot.com/2008/03/thyagaraja-kriti-rama-ninnu-vina-raga.html
Thyagaraja,rAma nIvAdukonduvO,kalyANi,kalyani,http://thyagaraja-vaibhavam.blogspot.com/2008/09/thyagaraja-kriti-rama-neevadukonduvo.html
Thyagaraja,rAma rAma gOvinda,saurAshTraM,saurashtram,http://thyagaraja-vaibhavam.blogspot.com/2007/05/thyagaraja-kriti-rama-rama-govinda-raga.html
Thyagaraja,rAma rAma kRshNa,gauLipantu,gaulipantu,http://thyagaraja-vaibhavam.blogspot.com/2007/03/thyagaraja-kriti-rama-rama-krishna-raga.html
Thyagaraja,rAma rAma rAma nApai,kalyANi,kalyani,http://thyagaraja-vaibhavam.blogspot.com/2008/09/thyagaraja-kriti-rama-rama-rama-napai.html
Thyagaraja,rAma rAma rAma rAma,cencuruTi,cencuruti,http://thyagaraja-vaibhavam.blogspot.com/2008/02/thyagaraja-kriti-rama-rama-rama-rama.html
Thyagaraja,rAma samayamu,madhyamAvati,madhyamavati,http://thyagaraja-vaibhavam.blogspot.com/2007/09/thyagaraja-kriti-rama-samayamu-raga.html
Thyagaraja,rAma sItA rAma,SankarAbharaNaM,sankarabharanam,http://thyagaraja-vaibhavam.blogspot.com/2008/03/thyagaraja-kriti-rama-sita-rama-rama.html
Thyagaraja,rAma SrI rAma lAli,SankarAbharaNaM,sankarabharanam,http://thyagaraja-vaibhavam.blogspot.com/2008/03/thyagaraja-kriti-rama-sri-rama-lali.html
Thyagaraja,rAmacandra nI daya,suraTi,surati,http://thyagaraja-vaibhavam.blogspot.com/2008/03/thyagaraja-kriti-ramachandra-ni-daya.html
Thyagaraja,rAmuni maravakavE,kEdAra gauLa,kedaragaula,http://thyagaraja-vaibhavam.blogspot.com/2007/12/thyagaraja-kriti-raamuni-maravakavae.html
Thyagaraja,rArA nannElukOrA,saurAshTraM,saurashtram,http://thyagaraja-vaibhavam.blogspot.com/2007/05/thyagaraja-kriti-raaraa-nannelukoraa.html
Thyagaraja,rArA raghuvIra,aThANa,athana,http://thyagaraja-vaibhavam.blogspot.com/2008/05/thyagraja-kriti-rara-ragahuvira-raga.html
Thyagaraja,rE mAnasa,tODi,todi,http://thyagaraja-vaibhavam.blogspot.com/2008/11/thyagaraja-kriti-re-manasa-raga-todi.html
Thyagaraja,rUkalu padi vElu,dESiya tODi,desiyatodi,http://thyagaraja-vaibhavam.blogspot.com/2008/11/thyagaraja-kriti-rukalu-padivelu-raga.html
Thyagaraja,sadA madini,gambhIra vANi,gambhiravani,http://thyagaraja-vaibhavam.blogspot.com/2008/07/thyagaraja-kriti-sadaa-madini-raga.html
Thyagaraja,samayamu EmarakE,kalgaDa,kalgada,http://thyagaraja-vaibhavam.blogspot.com/2009/01/tyagaraja-kriti-samayamu-emarake-raga.html
Thyagaraja,sandEhamuyElarA,kalyANi,kalyani,http://thyagaraja-vaibhavam.blogspot.com/2008/10/thyagaraja-kriti-sandehamuyelara-raga.html
Thyagaraja,sarasIruha nayanE,amRta varshiNi,amrtavarshini,http://thyagaraja-vaibhavam.blogspot.com/2008/10/thyagaraja-kriti-saraseeruha-nayane.html
Thyagaraja,sari jEsi vEduka,tIvra vAhini,tivravahini,http://thyagaraja-vaibhavam.blogspot.com/2008/08/thyagaraja-kriti-sari-jesi-veduka-raga.html
Thyagaraja,sAramE kAni,pantuvarALi,pantuvarali,http://thyagaraja-vaibhavam.blogspot.com/2008/08/thyagaraja-kriti-sarame-kani-raga.html
Thyagaraja,sArasa nEtra,SankarAbharaNaM,sankarabharanam,http://thyagaraja-vaibhavam.blogspot.com/2008/04/thyagaraja-kriti-saarasa-netra-raga.html
Thyagaraja,sArvabhauma,rAga panjaraM,ragapanjaram,http://thyagaraja-vaibhavam.blogspot.com/2008/02/thyagaraja-kriti-saarvabhauma-raga.html
Thyagaraja,siggu mAli,kEdAra gauLa,kedaragaula,http://thyagaraja-vaibhavam.blogspot.com/2007/12/thyagaraja-kriti-siggu-maali-raga.html
Thyagaraja,sItA kalyANa,SankarAbharaNaM,sankarabharanam,http://thyagaraja-vaibhavam.blogspot.com/2008/04/thyagaraja-kriti-sita-kalyana.html
Thyagaraja,sItA nAyaka,rIti gauLa,ritigaula,http://thyagaraja-vaibhavam.blogspot.com/2007/07/thyagaraja-kriti-seetha-naayaka-raga.html
Thyagaraja,sItA pati kAvavayya,SankarAbharaNaM,sankarabharanam,http://thyagaraja-vaibhavam.blogspot.com/2008/04/thyagaraja-kriti-sitapati-kaavavayya.html
Thyagaraja,sItamma mAyamma,vasanta,vasanta,http://thyagaraja-vaibhavam.blogspot.com/2007/04/thyagaraja-kriti-seethamma-maayamma.html
Thyagaraja,sogasu jUDa,kannaDa gauLa,kannadagaula,http://thyagaraja-vaibhavam.blogspot.com/2007/07/thyagaraja-kriti-sogasu-jooda-raga.html
Thyagaraja,suguNamulE,cakravAkaM,cakravakam,http://thyagaraja-vaibhavam.blogspot.com/2007/04/thyagaraja-kriti-sugunamulae-raga.html
Thyagaraja,sundara tara dEhaM,pantuvarALi,pantuvarali,http://thyagaraja-vaibhavam.blogspot.com/2008/08/thyagaraja-kriti-sundaratara-deham-raga.html
Thyagaraja,sundarESvaruni,SankarAbharaNaM,sankarabharanam,http://thyagaraja-vaibhavam.blogspot.com/2008/04/thyagaraja-kriti-sundaresvaruni-raga.html
Thyagaraja,sundari nI divya,kalyANi,kalyani,http://thyagaraja-vaibhavam.blogspot.com/2008/10/thyagaraja-kriti-sundari-nee-divya-raga.html
Thyagaraja,svara rAga sudhA,SankarAbharaNaM,sankarabharanam,http://thyagaraja-vaibhavam.blogspot.com/2008/04/thyagaraja-kriti-svara-raga-sudha-raga.html
Thyagaraja,SambhO mahA dEva,pantuvarALi,pantuvarali,http://thyagaraja-vaibhavam.blogspot.com/2008/08/thyagaraja-kriti-sambho-mahadeva-raga.html
Thyagaraja,SambhO Siva,SankarAbharaNaM,sankarabharanam,http://thyagaraja-vaibhavam.blogspot.com/2008/03/thyagaraja-kriti-sambho-siva-sankara.html
Thyagaraja,Sara Sara samaraika,kuntala varALi,kuntalavarali,http://thyagaraja-vaibhavam.blogspot.com/2007/11/thyagaraja-kriti-sara-sara-samaraika.html
Thyagaraja,SaraNu SaraNanucu,madhyamAvati,madhyamavati,http://thyagaraja-vaibhavam.blogspot.com/2007/09/thyagaraja-kriti-saranu-sarananucu-raga.html
Thyagaraja,SaSi vadana,candra jyOti,candrajyoti,http://thyagaraja-vaibhavam.blogspot.com/2008/08/thyagaraja-kriti-sasi-vadana-raga.html
Thyagaraja,SAntamu lEka,sAma,sama,http://thyagaraja-vaibhavam.blogspot.com/2008/02/thyagaraja-kriti-saantamu-leka-raga.html
Thyagaraja,Siva Siva,pantuvarALi,pantuvarali,http://thyagaraja-vaibhavam.blogspot.com/2008/08/thyagaraja-kriti-siva-siva-raga.html
Thyagaraja,SivE pAhi mAM,kalyANi,kalyani,http://thyagaraja-vaibhavam.blogspot.com/2008/10/thyagaraja-kriti-sive-pahimam-raga.html
Thyagaraja,SObhAnE SObhAnE,pantuvarALi,pantuvarali,http://thyagaraja-vaibhavam.blogspot.com/2008/08/thyagaraja-kriti-sobhane-sobhane-raga.html
Thyagaraja,SRngArincukoni,suraTi,surati,http://thyagaraja-vaibhavam.blogspot.com/2008/03/thyagaraja-kriti-sringaarinchukoni-raga.html
Thyagaraja,SrI gaNapatini,saurAshTraM,saurashtram,http://thyagaraja-vaibhavam.blogspot.com/2007/05/thyagaraja-kriti-sri-ganapathini-raga.html
Thyagaraja,SrI janaka tanayE,kalakaNThi,kalakanthi,http://thyagaraja-vaibhavam.blogspot.com/2009/01/ty.html
Thyagaraja,SrI jAnaki manOhara,ISa manOhari,isamanohari,http://thyagaraja-vaibhavam.blogspot.com/2007/11/thyagaraja-kriti-sri-janaki-manohari.html
Thyagaraja,SrI mAnini,pUrNa shaDjaM,purnashadjam,http://thyagaraja-vaibhavam.blogspot.com/2007/09/thyagaraja-kriti-sri-maanini-raga.html
Thyagaraja,SrI raghu kulamandu,hamsa dhvani,hamsadhvani,http://thyagaraja-vaibhavam.blogspot.com/2008/07/thyagaraja-kriti-sri-raghu-kulamandu.html
Thyagaraja,SrI raghu vara dASarathE,SankarAbharaNaM,sankarabharanam,http://thyagaraja-vaibhavam.blogspot.com/2008/04/thyagaraja-kriti-sri-raghuvara.html
Thyagaraja,SrI rAma jaya rAma,madhyamAvati,madhyamavati,http://thyagaraja-vaibhavam.blogspot.com/2007/09/thyagaraja-kriti-sri-rama-jaya-rama.html
Thyagaraja,SrI rAma pAdamA,amRta vAhini,amrtavahini,http://thyagaraja-vaibhavam.blogspot.com/2007/06/thyagaraja-kriti-sri-rama-paadamaa-raga.html
Thyagaraja,SrI rAma rAma jagadAtma,pUrNa candrika,purnacandrika,http://thyagaraja-vaibhavam.blogspot.com/2008/06/thyagaraja-kriti-sri-rama-rama.html
Thyagaraja,SrI rAma rAma rAma,nIlAmbari,nilambari,http://thyagaraja-vaibhavam.blogspot.com/2008/06/thyagaraja-kriti-sri-rama-rama-rama.html
Thyagaraja,SrIpa priya,aThANa,athana,http://thyagaraja-vaibhavam.blogspot.com/2008/05/thyagaraja-kriti-sripa-priya-raga.html
Thyagaraja,SrIpaptE nI pada,nAga svarAvaLi,nagasvaravali,http://thyagaraja-vaibhavam.blogspot.com/2008/01/thyagaraja-kriti-sripathe-nee-pada-raga.html
Thyagaraja,tana mIdanE,bhUshAvaLi,bhushavali,http://thyagaraja-vaibhavam.blogspot.com/2008/09/thyagaraja-kriti-tanameedane-raga.html
Thyagaraja,tappi bratiki,tODi,todi,http://thyagaraja-vaibhavam.blogspot.com/2008/11/thyagaraja-kriti-tappi-bratiki-raga.html
Thyagaraja,telisi rAma,pUrNa candrika,purnacandrika,http://thyagaraja-vaibhavam.blogspot.com/2008/06/thyagaraja-kriti-thelisi-rama.html
Thyagaraja,tera tIyaga,gauLipantu,gaulipantu,http://thyagaraja-vaibhavam.blogspot.com/2007/03/thyagaraja-kriti-tera-teeyaga-raadaa.html
Thyagaraja,toli nEnu jEsina,kOkila dhvani,kokiladhvani,http://thyagaraja-vaibhavam.blogspot.com/2008/01/thyagaraja-kriti-tholi-nenu-jesina-raga.html
Thyagaraja,tuLasI bilva,kEdAra gauLa,kedaragaula,http://thyagaraja-vaibhavam.blogspot.com/2007/12/thyagaraja-kriti-thulasi-bilva-raga.html
Thyagaraja,tuLasi daLamulacE,mAyA mALava gauLa,mayamalavagaula,http://thyagaraja-vaibhavam.blogspot.com/2007/03/thyagaraja-kriti-tulasi-dalamulacae.html
Thyagaraja,uyyAlalUgavayya,nIlAmbari,nilambari,http://thyagaraja-vaibhavam.blogspot.com/2008/05/thyagaraja-kriti-uyyalalugavayya-raga.html
Thyagaraja,vaccunu hari,kalyANi,kalyani,http://thyagaraja-vaibhavam.blogspot.com/2008/09/thyagaraja-kriti-vacchunu-hari-raga.html
Thyagaraja,vaddanE vAru,shaNmukha priya,shanmukhapriya,http://thyagaraja-vaibhavam.blogspot.com/2008/09/thyagaraja-kriti-vaddane-vaaru-raga.html
Thyagaraja,valla kAdanaka,SankarAbharaNaM,sankarabharanam,http://thyagaraja-vaibhavam.blogspot.com/2008/03/thyagaraja-kriti-valla-kadanaka-raga.html
Thyagaraja,vanaja nayanuDani,kEdAra gauLa,kedaragaula,http://thyagaraja-vaibhavam.blogspot.com/2007/12/thyagaraja-kriti-vanaja-nayanudani-raga.html
Thyagaraja,vara lIla gAna,SankarAbharaNaM,sankarabharanam,http://thyagaraja-vaibhavam.blogspot.com/2008/03/thyagaraja-kriti-vara-leela-gana-raga.html
Thyagaraja,vara nArada,vijaya SrI,vijaya,http://thyagaraja-vaibhavam.blogspot.com/2008/08/thyagaraja-kriti-vara-narada-raga.html
Thyagaraja,vara rAga laya,cencu kAmbhOji,cencukambhoji,http://thyagaraja-vaibhavam.blogspot.com/2007/12/thyagaraja-kriti-vara-raaga-laya-raga.html
Thyagaraja,vara Sikhi vAhana,supradIpaMa,supradipama,http://thyagaraja-vaibhavam.blogspot.com/2007/05/thyagaraja-kriti-vara-sikhi-vaahana.html
Thyagaraja,varadA navanItASa,rAga panjaraM,ragapanjaram,http://thyagaraja-vaibhavam.blogspot.com/2008/02/thyagaraja-kriti-varadaa-navaneethaasa.html
Thyagaraja,varada rAja,svara bhUshaNi,svarabhushani,http://thyagaraja-vaibhavam.blogspot.com/2007/10/thyagaraja-kriti-varada-raja-raga-svara.html
Thyagaraja,varamaina nEtrOtsava,paraju,paraju,http://thyagaraja-vaibhavam.blogspot.com/2007/03/thyagaraja-kriti-varamaina-netrotsava.html
Thyagaraja,varAlandukommani,ghurjari,ghurjari,http://thyagaraja-vaibhavam.blogspot.com/2007/03/thyagaraja-kriti-varaalandukommani-raga.html
Thyagaraja,vAcAmagOcaramE,kaikavaSi,kaikavasi,http://thyagaraja-vaibhavam.blogspot.com/2008/09/thyagaraja-kriti-vaachaamagocharame.html
Thyagaraja,vADErA daivamu,pantuvarALi,pantuvarali,http://thyagaraja-vaibhavam.blogspot.com/2008/08/thyagaraja-kriti-vadera-daivamu-raga.html
Thyagaraja,vAridhi nIku,tODi,todi,http://thyagaraja-vaibhavam.blogspot.com/2008/11/thyagaraja-kriti-vaaridhi-neeku-raga.html
Thyagaraja,vArija nayana-1,kEdAra gauLa,kedaragaula,http://thyagaraja-vaibhavam.blogspot.com/2007/12/thyagaraja-kriti-vaarija-nayana-1-raga.html
Thyagaraja,vArija nayana-2,kEdAra gauLa,kedaragaula,http://thyagaraja-vaibhavam.blogspot.com/2007/12/thyagaraja-kriti-vaarija-nayana-2-raga.html
Thyagaraja,vAsudEvayani,kalyANi,kalyani,http://thyagaraja-vaibhavam.blogspot.com/2008/10/thyagaraja-kriti-vasudevayani-raga.html
Thyagaraja,veDalenu kOdaNDa pANi,tODi,todi,http://thyagaraja-vaibhavam.blogspot.com/2008/11/thyagaraja-kriti-vedalenu-kothandapani.html
Thyagaraja,vEnkaTESa,madhyamAvati,madhyamavati,http://thyagaraja-vaibhavam.blogspot.com/2007/09/thyagaraja-kriti-venkatesa-raga.html
Thyagaraja,vENu gAna,kEdAra gauLa,kedaragaula,http://thyagaraja-vaibhavam.blogspot.com/2007/12/thyagaraja-kriti-venu-gaana-loluni-raga.html
Thyagaraja,vErevvarE gati,suraTi,surati,http://thyagaraja-vaibhavam.blogspot.com/2008/03/thyagaraja-kriti-verevvare-gati-raga.html
Thyagaraja,vidulaku mrokkeda,mAyA mALava gauLa,mayamalavagaula,http://thyagaraja-vaibhavam.blogspot.com/2007/03/thyagaraja-kriti-vidulaku-mrokkeda-raga.html
Thyagaraja,vinatA suta vAhana,jayanta sEna,jayantasena,http://thyagaraja-vaibhavam.blogspot.com/2007/08/thyagaraja-kriti-vinataa-suta-vaahana.html
Thyagaraja,vinAyakuni,madhyamAvati,madhyamavati,http://thyagaraja-vaibhavam.blogspot.com/2007/09/thyagaraja-kriti-vinaayakuni-raga.html
Thyagaraja,vinayamunanu,saurAshTraM,saurashtram,http://thyagaraja-vaibhavam.blogspot.com/2007/05/thyagaraja-kriti-vinayamunanu-raga.html
Thyagaraja,vishNu vAhanuDu,SankarAbharaNaM,sankarabharanam,http://thyagaraja-vaibhavam.blogspot.com/2008/03/thyagaraja-kriti-vishnu-vahanundidigo.html
Thyagaraja,yuktamu kAdu,SrI rAgaM,ragam,http://thyagaraja-vaibhavam.blogspot.com/2007/10/thyagaraja-kriti-yuktamu-kaadu-raga-sri.html
